CATALOGUENUMBER;SPECIESSUMMARY;SPECIESID_GENETIC;SAMPLING;TypeOfSample;NESTCOLLECTION;BDM;PLOT;COMMUNEEXTRACT;NUMBERWORKERS;X;Y;ALTITUDE;HABITAT;NUMBERQUEENS;NUMBERMALES;NUMBERLARVAE;NUMBERCOCOONS;IDENTIFIER;GENUSID;SPECISID;DATEIDENTIFICATION;CONFIRMEDID;SPECIESIDFINAL;COMMENTS;slope25;topo;south;gt_ch_100;LU18_46cl;LC18_27cl;SampleDate;SoilTemp;SoilTempAnomaly;TypeOfOpen;mixedForest;Grass;Forb;Shrub;Bare;Litter;Moss;bio1_tmean_8110;bio2_dr_8110;bio1_tmean_8110_8111;bio2_dr_8110_8111;bio5_tmaxw_8110;bio6_tminc_8110;bio7_tar_8110;bio8_twetq_8110;bio9_tdryq_8110;bio10_twarmq_8110;bio11_tcoldq_8110;bio12_p_8110;bio13_pwet_8110;bio14_pdry_8110;bio15_ps_8110;bio16_pwetq_8110;bio17_pdryq_8110;bio18_pwarmq_8110;bio19_pcoldq_8110;col;
5988;Camp_aeth;Camp_aeth;public;NA;oui;NA;NA;Ollon;2;564501;127125;430;Carriere;NA;NA;NA;NA;Anne Freitag;Camp;Camp_aeth;2019;oui;Camp_aeth;NA;NA;NA;NA;NA;NA;NA;NA;NA;NA;NA;NA;NA;NA;NA;NA;NA;NA;NA;NA;NA;NA;NA;NA;NA;NA;NA;NA;NA;NA;NA;NA;NA;NA;NA;NA;NA;#BE1E2D;
18504;Camp_fall;Camp_fall;public;NA;non;NA;NA;Lonay;10;529502;153004;398;ZoneConstruite;NA;NA;NA;NA;Anne Freitag;Camp;Camp_fall;2019;oui;Camp_fall;NA;NA;NA;NA;NA;NA;NA;NA;NA;NA;NA;NA;NA;NA;NA;NA;NA;NA;NA;NA;NA;NA;NA;NA;NA;NA;NA;NA;NA;NA;NA;NA;NA;NA;NA;NA;NA;#EF3E23;
2205;Camp_fall;Camp_fall;public;NA;non;NA;NA;Nyon;9;507002;137664;409;ZoneConstruite;NA;NA;NA;NA;Gaël Pétremand;Camp;Camp_fall;2019;oui;Camp_fall;NA;NA;NA;NA;NA;NA;NA;NA;NA;NA;NA;NA;NA;NA;NA;NA;NA;NA;NA;NA;NA;NA;NA;NA;NA;NA;NA;NA;NA;NA;NA;NA;NA;NA;NA;NA;NA;#EF3E23;
9391;Camp_fall;Camp_fall;public;NA;non;NA;NA;Eysins;8;505317;137075;424;ZoneConstruite;NA;NA;NA;NA;Anne Freitag;Camp;Camp_fall;2019;oui;Camp_fall;NA;NA;NA;NA;NA;NA;NA;NA;NA;NA;NA;NA;NA;NA;NA;NA;NA;NA;NA;NA;NA;NA;NA;NA;NA;NA;NA;NA;NA;NA;NA;NA;NA;NA;NA;NA;NA;#EF3E23;
10715;Camp_fall;Camp_fall;public;NA;non;NA;NA;Rolle;2;514460;144735;386;Autre;NA;NA;NA;NA;Anne Freitag;Camp;Camp_fall;2019;oui;Camp_fall;NA;NA;NA;NA;NA;NA;NA;NA;NA;NA;NA;NA;NA;NA;NA;NA;NA;NA;NA;NA;NA;NA;NA;NA;NA;NA;NA;NA;NA;NA;NA;NA;NA;NA;NA;NA;NA;#EF3E23;
6172C;Camp_fall;Camp_fall;public;NA;non;NA;NA;Rolle;1;514472;144680;382;CulturePerm;NA;NA;NA;NA;Anne Freitag;Camp;Camp_fall;2019;oui;Camp_fall;NA;NA;NA;NA;NA;NA;NA;NA;NA;NA;NA;NA;NA;NA;NA;NA;NA;NA;NA;NA;NA;NA;NA;NA;NA;NA;NA;NA;NA;NA;NA;NA;NA;NA;NA;NA;NA;#EF3E23;
18693D;Camp_fall;Camp_fall;public;NA;non;NA;NA;Rolle;3;514467;144707;383;transport;NA;NA;NA;NA;Anne Freitag;Camp;Camp_fall;2019;oui;Camp_fall;NA;NA;NA;NA;NA;NA;NA;NA;NA;NA;NA;NA;NA;NA;NA;NA;NA;NA;NA;NA;NA;NA;NA;NA;NA;NA;NA;NA;NA;NA;NA;NA;NA;NA;NA;NA;NA;#EF3E23;
1212;Camp_fall;Camp_fall;public;NA;non;NA;NA;Bourg-en-Lavaux;1;545565;148625;372;lisiere;NA;NA;NA;NA;Anne Freitag;Camp;Camp_fall;2019;oui;Camp_fall;NA;NA;NA;NA;NA;NA;NA;NA;NA;NA;NA;NA;NA;NA;NA;NA;NA;NA;NA;NA;NA;NA;NA;NA;NA;NA;NA;NA;NA;NA;NA;NA;NA;NA;NA;NA;NA;#EF3E23;
18253;Camp_fall;Camp_fall;public;NA;oui;NA;NA;Faoug;5;571268;194837;432;ForetFeuillus;NA;NA;NA;NA;Anne Freitag;Camp;Camp_fall;2019;oui;Camp_fall;NA;NA;NA;NA;NA;NA;NA;NA;NA;NA;NA;NA;NA;NA;NA;NA;NA;NA;NA;NA;NA;NA;NA;NA;NA;NA;NA;NA;NA;NA;NA;NA;NA;NA;NA;NA;NA;#EF3E23;
12277;Camp_fall;Camp_fall;public;NA;oui;NA;NA;Avenches;9;570370;194975;429;Autre;NA;NA;NA;NA;Anne Freitag;Camp;Camp_fall;2019;oui;Camp_fall;NA;NA;NA;NA;NA;NA;NA;NA;NA;NA;NA;NA;NA;NA;NA;NA;NA;NA;NA;NA;NA;NA;NA;NA;NA;NA;NA;NA;NA;NA;NA;NA;NA;NA;NA;NA;NA;#EF3E23;
7239;Camp_fall;Camp_fall;public;NA;oui;NA;NA;Lavey-Morcles;9;567366;118697;427;ZoneConstruite;2;NA;NA;1;Anne Freitag;Camp;Camp_fall;2019;oui;Camp_fall;reines ailées;NA;NA;NA;NA;NA;NA;NA;NA;NA;NA;NA;NA;NA;NA;NA;NA;NA;NA;NA;NA;NA;NA;NA;NA;NA;NA;NA;NA;NA;NA;NA;NA;NA;NA;NA;NA;#EF3E23;
18095;Camp_fall;Camp_fall;public;NA;non;NA;NA;Denens;2;524933;151725;462;lisiere;NA;NA;NA;NA;Anne Freitag;Camp;Camp_fall;2019;oui;Camp_fall;NA;NA;NA;NA;NA;NA;NA;NA;NA;NA;NA;NA;NA;NA;NA;NA;NA;NA;NA;NA;NA;NA;NA;NA;NA;NA;NA;NA;NA;NA;NA;NA;NA;NA;NA;NA;NA;#EF3E23;
10441;Camp_fall;Camp_fall;public;NA;non;NA;NA;Signy-Avenex;13;505760;138335;438;Autre;NA;NA;NA;NA;Anne Freitag;Camp;Camp_fall;2019;oui;Camp_fall;NA;NA;NA;NA;NA;NA;NA;NA;NA;NA;NA;NA;NA;NA;NA;NA;NA;NA;NA;NA;NA;NA;NA;NA;NA;NA;NA;NA;NA;NA;NA;NA;NA;NA;NA;NA;NA;#EF3E23;
12682B;Camp_fall;Camp_fall;public;NA;non;NA;NA;Vevey;1;553673;145833;373;ZoneConstruite;NA;NA;NA;NA;Anne Freitag;Camp;Camp_fall;2019;oui;Camp_fall;NA;NA;NA;NA;NA;NA;NA;NA;NA;NA;NA;NA;NA;NA;NA;NA;NA;NA;NA;NA;NA;NA;NA;NA;NA;NA;NA;NA;NA;NA;NA;NA;NA;NA;NA;NA;NA;#EF3E23;
13585;Camp_fall;Camp_fall;public;NA;NA;NA;NA;Montreux;7;559354;142651;373;ZoneConstruite;NA;NA;NA;NA;Simon Vogel;Camp;Camp_fall;2019;oui;Camp_fall;NA;NA;NA;NA;NA;NA;NA;NA;NA;NA;NA;NA;NA;NA;NA;NA;NA;NA;NA;NA;NA;NA;NA;NA;NA;NA;NA;NA;NA;NA;NA;NA;NA;NA;NA;NA;NA;#EF3E23;
18745;Camp_herc;Camp_herc;public;NA;oui;NA;NA;Gimel;1;509284;155091;1329;lisiere;NA;NA;NA;NA;Anne Freitag;Camp;Camp_herc;2019;oui;Camp_herc;NA;NA;NA;NA;NA;NA;NA;NA;NA;NA;NA;NA;NA;NA;NA;NA;NA;NA;NA;NA;NA;NA;NA;NA;NA;NA;NA;NA;NA;NA;NA;NA;NA;NA;NA;NA;NA;#27AAE1;
2409;Camp_herc;Camp_herc;public;NA;non;NA;NA;Saint-Livres;6;519402;152373;rextraire (coord modifiée);Autre;6;NA;NA;NA;Anne Freitag;Camp;Camp_herc;2019;oui;Camp_herc;NA;NA;NA;NA;NA;NA;NA;NA;NA;NA;NA;NA;NA;NA;NA;NA;NA;NA;NA;NA;NA;NA;NA;NA;NA;NA;NA;NA;NA;NA;NA;NA;NA;NA;NA;NA;NA;#27AAE1;
14403;Camp_herc;Camp_herc;public;NA;non;NA;NA;Montreux;NA;564402;144842;1545;ZoneConstruite;1;NA;NA;NA;Anne Freitag;Camp;Camp_herc;2019;oui;Camp_herc;reine désailée;NA;NA;NA;NA;NA;NA;NA;NA;NA;NA;NA;NA;NA;NA;NA;NA;NA;NA;NA;NA;NA;NA;NA;NA;NA;NA;NA;NA;NA;NA;NA;NA;NA;NA;NA;NA;#27AAE1;
12731;Camp_herc;Camp_herc;public;NA;non;NA;NA;Ollon;1;570225;128061;1268;ZoneConstruite;NA;NA;NA;NA;Anne Freitag;Camp;Camp_herc;2019;oui;Camp_herc;NA;NA;NA;NA;NA;NA;NA;NA;NA;NA;NA;NA;NA;NA;NA;NA;NA;NA;NA;NA;NA;NA;NA;NA;NA;NA;NA;NA;NA;NA;NA;NA;NA;NA;NA;NA;NA;#27AAE1;
15896;Camp_herc;Camp_herc;public;NA;non;NA;NA;Ballaigues;1;522041;177529;1151;ForetMixe;NA;NA;NA;NA;Anne Freitag;Camp;Camp_herc;2019;oui;Camp_herc;NA;NA;NA;NA;NA;NA;NA;NA;NA;NA;NA;NA;NA;NA;NA;NA;NA;NA;NA;NA;NA;NA;NA;NA;NA;NA;NA;NA;NA;NA;NA;NA;NA;NA;NA;NA;NA;#27AAE1;
16582;Camp_herc;Camp_herc;public;NA;oui;NA;NA;Boulens;11;544169;169290;698;ForetFeuillus;NA;NA;NA;NA;Anne Freitag;Camp;Camp_herc;2019;oui;Camp_herc;NA;NA;NA;NA;NA;NA;NA;NA;NA;NA;NA;NA;NA;NA;NA;NA;NA;NA;NA;NA;NA;NA;NA;NA;NA;NA;NA;NA;NA;NA;NA;NA;NA;NA;NA;NA;NA;#27AAE1;
20285;Camp_herc;Camp_herc;public;NA;oui;NA;NA;Jorat-Menthue;8;544543;163166;881;ForetMixe;NA;NA;NA;NA;Anne Freitag;Camp;Camp_herc;2019;oui;Camp_herc;NA;NA;NA;NA;NA;NA;NA;NA;NA;NA;NA;NA;NA;NA;NA;NA;NA;NA;NA;NA;NA;NA;NA;NA;NA;NA;NA;NA;NA;NA;NA;NA;NA;NA;NA;NA;NA;#27AAE1;
7204;Camp_herc;Camp_herc;public;NA;non;NA;NA;Lignerolle;3;523554;176916;907;transport;NA;NA;NA;NA;Anne Freitag;Camp;Camp_herc;2019;oui;Camp_herc;NA;NA;NA;NA;NA;NA;NA;NA;NA;NA;NA;NA;NA;NA;NA;NA;NA;NA;NA;NA;NA;NA;NA;NA;NA;NA;NA;NA;NA;NA;NA;NA;NA;NA;NA;NA;NA;#27AAE1;
172;Camp_herc;Camp_herc;public;NA;non;NA;NA;Lutry;4;544528;152736;749;Autre;NA;NA;NA;NA;Anne Freitag;Camp;Camp_herc;2019;oui;Camp_herc;NA;NA;NA;NA;NA;NA;NA;NA;NA;NA;NA;NA;NA;NA;NA;NA;NA;NA;NA;NA;NA;NA;NA;NA;NA;NA;NA;NA;NA;NA;NA;NA;NA;NA;NA;NA;NA;#27AAE1;
11809;Camp_herc;Camp_herc;public;NA;non;NA;NA;Villars-le-Comte;12;551560;174885;771;transport;NA;NA;NA;NA;Anne Freitag;Camp;Camp_herc;2019;oui;Camp_herc;Camponotus herculeanus selon pilosité, mais coloration de C. ligniperda ! A confirmer;NA;NA;NA;NA;NA;NA;NA;NA;NA;NA;NA;NA;NA;NA;NA;NA;NA;NA;NA;NA;NA;NA;NA;NA;NA;NA;NA;NA;NA;NA;NA;NA;NA;NA;NA;NA;#27AAE1;
12231;Camp_herc;Camp_herc;public;NA;non;NA;NA;Ormont-Dessous;6;573414;134428;1172;Autre;NA;NA;NA;NA;Anne Freitag;Camp;Camp_herc;2019;oui;Camp_herc;NA;NA;NA;NA;NA;NA;NA;NA;NA;NA;NA;NA;NA;NA;NA;NA;NA;NA;NA;NA;NA;NA;NA;NA;NA;NA;NA;NA;NA;NA;NA;NA;NA;NA;NA;NA;NA;#27AAE1;
6724;Camp_herc;Camp_herc;public;NA;non;NA;NA;Montilliez;1;542239;166788;677;Autre;NA;NA;NA;NA;Anne Freitag;Camp;Camp_herc;2019;oui;Camp_herc;NA;NA;NA;NA;NA;NA;NA;NA;NA;NA;NA;NA;NA;NA;NA;NA;NA;NA;NA;NA;NA;NA;NA;NA;NA;NA;NA;NA;NA;NA;NA;NA;NA;NA;NA;NA;NA;#27AAE1;
3467;Camp_herc;Camp_herc;public;NA;non;NA;NA;Ollon;3;570889;127228;1298;ZoneConstruite;NA;NA;NA;NA;Anne Freitag;Camp;Camp_herc;2019;oui;Camp_herc;NA;NA;NA;NA;NA;NA;NA;NA;NA;NA;NA;NA;NA;NA;NA;NA;NA;NA;NA;NA;NA;NA;NA;NA;NA;NA;NA;NA;NA;NA;NA;NA;NA;NA;NA;NA;NA;#27AAE1;
10534;Camp_herc;Camp_herc;public;NA;non;NA;NA;Montreux;1;562219;142785;1156;ZoneConstruite;NA;NA;NA;NA;Anne Freitag;Camp;Camp_herc;2019;oui;Camp_herc;NA;NA;NA;NA;NA;NA;NA;NA;NA;NA;NA;NA;NA;NA;NA;NA;NA;NA;NA;NA;NA;NA;NA;NA;NA;NA;NA;NA;NA;NA;NA;NA;NA;NA;NA;NA;NA;#27AAE1;
3555;Camp_herc;Camp_herc;public;NA;oui;NA;NA;Ormont-Dessous;5;572999;131437;1696;lisiere;NA;NA;NA;NA;Anne Freitag;Camp;Camp_herc;2019;oui;Camp_herc;NA;NA;NA;NA;NA;NA;NA;NA;NA;NA;NA;NA;NA;NA;NA;NA;NA;NA;NA;NA;NA;NA;NA;NA;NA;NA;NA;NA;NA;NA;NA;NA;NA;NA;NA;NA;NA;#27AAE1;
288;Camp_herc;Camp_herc;public;NA;non;NA;NA;Ormont-Dessus;1;578884;131493;1221;ForetConifere;NA;NA;NA;NA;Anne Freitag;Camp;Camp_herc;2019;oui;Camp_herc;NA;NA;NA;NA;NA;NA;NA;NA;NA;NA;NA;NA;NA;NA;NA;NA;NA;NA;NA;NA;NA;NA;NA;NA;NA;NA;NA;NA;NA;NA;NA;NA;NA;NA;NA;NA;NA;#27AAE1;
10848;Camp_herc;Camp_herc;public;NA;oui;NA;NA;Lausanne;9;542970;158283;865;transport;NA;NA;NA;NA;Anne Freitag;Camp;Camp_herc;2019;oui;Camp_herc;NA;NA;NA;NA;NA;NA;NA;NA;NA;NA;NA;NA;NA;NA;NA;NA;NA;NA;NA;NA;NA;NA;NA;NA;NA;NA;NA;NA;NA;NA;NA;NA;NA;NA;NA;NA;NA;#27AAE1;
15971;Camp_herc;Camp_herc;public;NA;non;NA;NA;Puidoux;1;548163;151012;725;ForetFeuillus;NA;NA;NA;NA;Anne Freitag;Camp;Camp_herc;2019;oui;Camp_herc;NA;NA;NA;NA;NA;NA;NA;NA;NA;NA;NA;NA;NA;NA;NA;NA;NA;NA;NA;NA;NA;NA;NA;NA;NA;NA;NA;NA;NA;NA;NA;NA;NA;NA;NA;NA;NA;#27AAE1;
18713;Camp_herc;Camp_herc;public;NA;non;NA;NA;Bière;1;511612;156161;1311;ForetConifere;NA;NA;NA;NA;Anne Freitag;Camp;Camp_herc;2019;oui;Camp_herc;NA;NA;NA;NA;NA;NA;NA;NA;NA;NA;NA;NA;NA;NA;NA;NA;NA;NA;NA;NA;NA;NA;NA;NA;NA;NA;NA;NA;NA;NA;NA;NA;NA;NA;NA;NA;NA;#27AAE1;
17164;Camp_herc;Camp_herc;public;NA;NA;NA;NA;Saubraz;3;514016;152525;724;lisiere;NA;NA;NA;NA;Claude Lebas;Camp;Camp_herc;2019;oui;Camp_herc;Collected by Lebas, within 500m of GPS;NA;NA;NA;NA;NA;NA;NA;NA;NA;NA;NA;NA;NA;NA;NA;NA;NA;NA;NA;NA;NA;NA;NA;NA;NA;NA;NA;NA;NA;NA;NA;NA;NA;NA;NA;NA;#27AAE1;
3560;Camp_herc;Camp_herc;public;NA;non;NA;NA;Ormont-Dessous;1;573003;131440;1698;lisiere;NA;NA;NA;NA;Anne Freitag;Camp;Camp_herc;2019;oui;Camp_herc;NA;NA;NA;NA;NA;NA;NA;NA;NA;NA;NA;NA;NA;NA;NA;NA;NA;NA;NA;NA;NA;NA;NA;NA;NA;NA;NA;NA;NA;NA;NA;NA;NA;NA;NA;NA;NA;#27AAE1;
9641;Camp_herc;Camp_herc;public;NA;oui;NA;NA;Ormont-Dessus;3;576631;134192;1271;ZoneConstruite;NA;NA;NA;NA;Anne Freitag;Camp;Camp_herc;2019;oui;Camp_herc;NA;NA;NA;NA;NA;NA;NA;NA;NA;NA;NA;NA;NA;NA;NA;NA;NA;NA;NA;NA;NA;NA;NA;NA;NA;NA;NA;NA;NA;NA;NA;NA;NA;NA;NA;NA;NA;#27AAE1;
8902;Camp_herc;Camp_herc;public;NA;non;NA;NA;Poliez-Pittet;1;543406;164246;762;zalluviale;NA;NA;NA;NA;Anne Freitag;Camp;Camp_herc;2019;oui;Camp_herc;NA;NA;NA;NA;NA;NA;NA;NA;NA;NA;NA;NA;NA;NA;NA;NA;NA;NA;NA;NA;NA;NA;NA;NA;NA;NA;NA;NA;NA;NA;NA;NA;NA;NA;NA;NA;NA;#27AAE1;
12621;Camp_herc;Camp_herc;public;NA;non;NA;NA;Leysin;1;566107;131837;1230;transport;NA;NA;NA;NA;Anne Freitag;Camp;Camp_herc;2019;oui;Camp_herc;NA;NA;NA;NA;NA;NA;NA;NA;NA;NA;NA;NA;NA;NA;NA;NA;NA;NA;NA;NA;NA;NA;NA;NA;NA;NA;NA;NA;NA;NA;NA;NA;NA;NA;NA;NA;NA;#27AAE1;
19828;Camp_herc;Camp_herc;public;NA;oui;NA;NA;Ormont-Dessous;12;571691;132708;1377;ZoneConstruite;NA;NA;NA;NA;Anne Freitag;Camp;Camp_herc;2019;oui;Camp_herc;NA;NA;NA;NA;NA;NA;NA;NA;NA;NA;NA;NA;NA;NA;NA;NA;NA;NA;NA;NA;NA;NA;NA;NA;NA;NA;NA;NA;NA;NA;NA;NA;NA;NA;NA;NA;NA;#27AAE1;
10504;Camp_herc;Camp_herc;public;NA;non;NA;NA;Blonay;1;559306;147991;1345;Autre;NA;NA;NA;NA;Anne Freitag;Camp;Camp_herc;2019;oui;Camp_herc;NA;NA;NA;NA;NA;NA;NA;NA;NA;NA;NA;NA;NA;NA;NA;NA;NA;NA;NA;NA;NA;NA;NA;NA;NA;NA;NA;NA;NA;NA;NA;NA;NA;NA;NA;NA;NA;#27AAE1;
3455;Camp_lign;Camp_lign;public;NA;non;NA;NA;Aigle;3;564216;128307;479;ForetMixe;NA;NA;NA;NA;Anne Freitag;Camp;Camp_lign;2019;oui;Camp_lign;NA;NA;NA;NA;NA;NA;NA;NA;NA;NA;NA;NA;NA;NA;NA;NA;NA;NA;NA;NA;NA;NA;NA;NA;NA;NA;NA;NA;NA;NA;NA;NA;NA;NA;NA;NA;NA;#F9ED32;
8864B;Camp_lign;Camp_lign;public;NA;non;NA;NA;Avenches;1;570327;192197;459;Autre;NA;NA;NA;NA;Anne Freitag;Camp;Camp_lign;2019;oui;Camp_lign;NA;NA;NA;NA;NA;NA;NA;NA;NA;NA;NA;NA;NA;NA;NA;NA;NA;NA;NA;NA;NA;NA;NA;NA;NA;NA;NA;NA;NA;NA;NA;NA;NA;NA;NA;NA;NA;#F9ED32;
6007;Camp_lign;Camp_lign;public;NA;non;NA;NA;Epalinges;1;540064;155823;703;Autre;NA;NA;NA;NA;Anne Freitag;Camp;Camp_lign;2019;oui;Camp_lign;NA;NA;NA;NA;NA;NA;NA;NA;NA;NA;NA;NA;NA;NA;NA;NA;NA;NA;NA;NA;NA;NA;NA;NA;NA;NA;NA;NA;NA;NA;NA;NA;NA;NA;NA;NA;NA;#F9ED32;
15;Camp_lign;Camp_lign;public;NA;oui;NA;NA;Bourg-en-Lavaux;3;545094;149127;424;ZoneConstruite;NA;NA;NA;NA;Anne Freitag;Camp;Camp_lign;2019;oui;Camp_lign;NA;NA;NA;NA;NA;NA;NA;NA;NA;NA;NA;NA;NA;NA;NA;NA;NA;NA;NA;NA;NA;NA;NA;NA;NA;NA;NA;NA;NA;NA;NA;NA;NA;NA;NA;NA;NA;#F9ED32;
7927C;Camp_lign;Camp_lign;public;NA;oui;NA;NA;Ormont-Dessous;1;569734;134171;1040;ZoneConstruite;NA;NA;NA;NA;Anne Freitag;Camp;Camp_lign;2019;oui;Camp_lign;NA;NA;NA;NA;NA;NA;NA;NA;NA;NA;NA;NA;NA;NA;NA;NA;NA;NA;NA;NA;NA;NA;NA;NA;NA;NA;NA;NA;NA;NA;NA;NA;NA;NA;NA;NA;NA;#F9ED32;
6016;Camp_lign;Camp_lign;public;NA;non;NA;NA;Ollon;8;569573;127961;1232;ZoneConstruite;NA;NA;NA;NA;Anne Freitag;Camp;Camp_lign;2019;oui;Camp_lign;échantillons 6016, 6021, 6038 réunis en un seul lot (même provenance);NA;NA;NA;NA;NA;NA;NA;NA;NA;NA;NA;NA;NA;NA;NA;NA;NA;NA;NA;NA;NA;NA;NA;NA;NA;NA;NA;NA;NA;NA;NA;NA;NA;NA;NA;NA;#F9ED32;
14622B;Camp_lign;Camp_lign;public;NA;non;NA;NA;Valbroye;1;559085;177984;rextraire (coord modifiée);Autre;NA;NA;NA;NA;Anne Freitag;Camp;Camp_lign;2019;oui;Camp_lign;pilosité sur 1er segment du gastre un peu intermédiaire entre ligniperda et herculeanus, mais coloration plutôt ligniperda;NA;NA;NA;NA;NA;NA;NA;NA;NA;NA;NA;NA;NA;NA;NA;NA;NA;NA;NA;NA;NA;NA;NA;NA;NA;NA;NA;NA;NA;NA;NA;NA;NA;NA;NA;NA;#F9ED32;
12933B;Camp_lign;Camp_lign;public;NA;non;NA;NA;Leysin;1;566052;131668;1241;transport;NA;NA;NA;NA;Anne Freitag;Camp;Camp_lign;2019;oui;Camp_lign;NA;NA;NA;NA;NA;NA;NA;NA;NA;NA;NA;NA;NA;NA;NA;NA;NA;NA;NA;NA;NA;NA;NA;NA;NA;NA;NA;NA;NA;NA;NA;NA;NA;NA;NA;NA;NA;#F9ED32;
19721;Camp_lign;Camp_lign;public;NA;non;NA;NA;Tévenon;2;538402;189278;883;ZoneConstruite;NA;NA;NA;NA;Anne Freitag;Camp;Camp_lign;2019;oui;Camp_lign;NA;NA;NA;NA;NA;NA;NA;NA;NA;NA;NA;NA;NA;NA;NA;NA;NA;NA;NA;NA;NA;NA;NA;NA;NA;NA;NA;NA;NA;NA;NA;NA;NA;NA;NA;NA;NA;#F9ED32;
18860;Camp_lign;Camp_lign;public;NA;non;NA;NA;Nyon;1;507059;136518;391;ZoneConstruite;NA;NA;NA;NA;Anne Freitag;Camp;Camp_lign;2019;oui;Camp_lign;NA;NA;NA;NA;NA;NA;NA;NA;NA;NA;NA;NA;NA;NA;NA;NA;NA;NA;NA;NA;NA;NA;NA;NA;NA;NA;NA;NA;NA;NA;NA;NA;NA;NA;NA;NA;NA;#F9ED32;
18524;Camp_lign;Camp_lign;public;NA;non;NA;NA;Saint-Livres;2;518130;151687;546;zalluviale;NA;NA;NA;NA;Anne Freitag;Camp;Camp_lign;2019;oui;Camp_lign;NA;NA;NA;NA;NA;NA;NA;NA;NA;NA;NA;NA;NA;NA;NA;NA;NA;NA;NA;NA;NA;NA;NA;NA;NA;NA;NA;NA;NA;NA;NA;NA;NA;NA;NA;NA;NA;#F9ED32;
17427;Camp_lign;Camp_lign;public;NA;oui;NA;NA;Vaulion;6;517446;171265;1319;transport;NA;NA;NA;NA;Anne Freitag;Camp;Camp_lign;2019;oui;Camp_lign; zone échantillonnée par différents étudiants du cours bioindication;NA;NA;NA;NA;NA;NA;NA;NA;NA;NA;NA;NA;NA;NA;NA;NA;NA;NA;NA;NA;NA;NA;NA;NA;NA;NA;NA;NA;NA;NA;NA;NA;NA;NA;NA;NA;#F9ED32;
14775;Camp_lign;Camp_lign;public;NA;oui;NA;NA;Yens;1;521408;152948;614;ZoneConstruite;NA;NA;NA;NA;Anne Freitag;Camp;Camp_lign;2019;oui;Camp_lign;NA;NA;NA;NA;NA;NA;NA;NA;NA;NA;NA;NA;NA;NA;NA;NA;NA;NA;NA;NA;NA;NA;NA;NA;NA;NA;NA;NA;NA;NA;NA;NA;NA;NA;NA;NA;NA;#F9ED32;
18936;Camp_lign;Camp_lign;public;NA;non;NA;NA;Yvorne;1;564658;132413;1085;ForetConifere;NA;NA;NA;NA;Anne Freitag;Camp;Camp_lign;2019;oui;Camp_lign;NA;NA;NA;NA;NA;NA;NA;NA;NA;NA;NA;NA;NA;NA;NA;NA;NA;NA;NA;NA;NA;NA;NA;NA;NA;NA;NA;NA;NA;NA;NA;NA;NA;NA;NA;NA;NA;#F9ED32;
437;Camp_lign;Camp_lign;public;NA;non;NA;NA;Leysin;1;567259;132898;1377;transport;NA;NA;NA;NA;Anne Freitag;Camp;Camp_lign;2019;oui;Camp_lign;NA;NA;NA;NA;NA;NA;NA;NA;NA;NA;NA;NA;NA;NA;NA;NA;NA;NA;NA;NA;NA;NA;NA;NA;NA;NA;NA;NA;NA;NA;NA;NA;NA;NA;NA;NA;NA;#F9ED32;
15170C;Camp_lign;Camp_lign;public;NA;non;NA;NA;Rolle;1;514472;144680;382;CulturePerm;NA;NA;NA;NA;Anne Freitag;Camp;Camp_lign;2019;oui;Camp_lign;NA;NA;NA;NA;NA;NA;NA;NA;NA;NA;NA;NA;NA;NA;NA;NA;NA;NA;NA;NA;NA;NA;NA;NA;NA;NA;NA;NA;NA;NA;NA;NA;NA;NA;NA;NA;NA;#F9ED32;
14623B;Camp_lign;Camp_lign;public;NA;non;NA;NA;Aclens;1;528026;158150;494;lisiere;NA;NA;NA;NA;Anne Freitag;Camp;Camp_lign;2019;oui;Camp_lign;NA;NA;NA;NA;NA;NA;NA;NA;NA;NA;NA;NA;NA;NA;NA;NA;NA;NA;NA;NA;NA;NA;NA;NA;NA;NA;NA;NA;NA;NA;NA;NA;NA;NA;NA;NA;NA;#F9ED32;
10336B;Camp_lign;Camp_lign;public;NA;non;NA;NA;Rances;1;529179;179698;622;lisiere;NA;NA;NA;NA;Anne Freitag;Camp;Camp_lign;2019;oui;Camp_lign;NA;NA;NA;NA;NA;NA;NA;NA;NA;NA;NA;NA;NA;NA;NA;NA;NA;NA;NA;NA;NA;NA;NA;NA;NA;NA;NA;NA;NA;NA;NA;NA;NA;NA;NA;NA;NA;#F9ED32;
18693;Camp_lign;Camp_lign;public;NA;non;NA;NA;Rolle;9;514467;144707;383;transport;NA;NA;NA;NA;Anne Freitag;Camp;Camp_lign;2019;oui;Camp_lign;NA;NA;NA;NA;NA;NA;NA;NA;NA;NA;NA;NA;NA;NA;NA;NA;NA;NA;NA;NA;NA;NA;NA;NA;NA;NA;NA;NA;NA;NA;NA;NA;NA;NA;NA;NA;NA;#F9ED32;
17865;Camp_lign;Camp_lign;public;NA;non;NA;NA;Bretonnières;1;525791;173231;722;ForetFeuillus;NA;NA;NA;NA;Anne Freitag;Camp;Camp_lign;2019;oui;Camp_lign;NA;NA;NA;NA;NA;NA;NA;NA;NA;NA;NA;NA;NA;NA;NA;NA;NA;NA;NA;NA;NA;NA;NA;NA;NA;NA;NA;NA;NA;NA;NA;NA;NA;NA;NA;NA;NA;#F9ED32;
17764;Camp_lign;Camp_lign;public;NA;oui;NA;NA;Aubonne;4;517881;151295;569;ForetFeuillus;NA;NA;NA;NA;Anne Freitag;Camp;Camp_lign;2019;oui;Camp_lign;NA;NA;NA;NA;NA;NA;NA;NA;NA;NA;NA;NA;NA;NA;NA;NA;NA;NA;NA;NA;NA;NA;NA;NA;NA;NA;NA;NA;NA;NA;NA;NA;NA;NA;NA;NA;NA;#F9ED32;
17278;Camp_lign;Camp_lign;public;NA;non;NA;NA;Château-d'Oex;1;576001;146600;922;ZoneConstruite;NA;NA;NA;NA;Anne Freitag;Camp;Camp_lign;2019;oui;Camp_lign;NA;NA;NA;NA;NA;NA;NA;NA;NA;NA;NA;NA;NA;NA;NA;NA;NA;NA;NA;NA;NA;NA;NA;NA;NA;NA;NA;NA;NA;NA;NA;NA;NA;NA;NA;NA;NA;#F9ED32;
12126;Camp_lign;Camp_lign;public;NA;oui;NA;NA;Rossinière;1;572651;147119;1238;ForetFeuillus;NA;NA;NA;NA;Simon Vogel;Camp;Camp_lign;2019;oui;Camp_lign;NA;NA;NA;NA;NA;NA;NA;NA;NA;NA;NA;NA;NA;NA;NA;NA;NA;NA;NA;NA;NA;NA;NA;NA;NA;NA;NA;NA;NA;NA;NA;NA;NA;NA;NA;NA;NA;#F9ED32;
15664;Camp_lign;Camp_lign;public;NA;non;NA;NA;Lignerolle;7;522821;177411;1093;Autre;NA;NA;NA;NA;Anne Freitag;Camp;Camp_lign;2019;oui;Camp_lign;NA;NA;NA;NA;NA;NA;NA;NA;NA;NA;NA;NA;NA;NA;NA;NA;NA;NA;NA;NA;NA;NA;NA;NA;NA;NA;NA;NA;NA;NA;NA;NA;NA;NA;NA;NA;NA;#F9ED32;
15296;Camp_lign;Camp_lign;public;NA;non;NA;NA;Rolle;12;514467;144707;383;transport;NA;NA;NA;NA;Anne Freitag;Camp;Camp_lign;2019;oui;Camp_lign;NA;NA;NA;NA;NA;NA;NA;NA;NA;NA;NA;NA;NA;NA;NA;NA;NA;NA;NA;NA;NA;NA;NA;NA;NA;NA;NA;NA;NA;NA;NA;NA;NA;NA;NA;NA;NA;#F9ED32;
14182;Camp_lign;Camp_lign;public;NA;non;NA;NA;Epalinges;1;540231;155794;754;ZoneConstruite;NA;NA;NA;NA;Anne Freitag;Camp;Camp_lign;2019;oui;Camp_lign;NA;NA;NA;NA;NA;NA;NA;NA;NA;NA;NA;NA;NA;NA;NA;NA;NA;NA;NA;NA;NA;NA;NA;NA;NA;NA;NA;NA;NA;NA;NA;NA;NA;NA;NA;NA;NA;#F9ED32;
12988;Camp_lign;Camp_lign;public;NA;non;NA;NA;Epalinges;1;540197;155752;750;lisiere;NA;NA;NA;NA;Anne Freitag;Camp;Camp_lign;2019;oui;Camp_lign;NA;NA;NA;NA;NA;NA;NA;NA;NA;NA;NA;NA;NA;NA;NA;NA;NA;NA;NA;NA;NA;NA;NA;NA;NA;NA;NA;NA;NA;NA;NA;NA;NA;NA;NA;NA;NA;#F9ED32;
11400;Camp_lign;Camp_lign;public;NA;non;NA;NA;Trélex;1;503279;142316;618;ForetFeuillus;NA;NA;NA;NA;Anne Freitag;Camp;Camp_lign;2019;oui;Camp_lign;NA;NA;NA;NA;NA;NA;NA;NA;NA;NA;NA;NA;NA;NA;NA;NA;NA;NA;NA;NA;NA;NA;NA;NA;NA;NA;NA;NA;NA;NA;NA;NA;NA;NA;NA;NA;NA;#F9ED32;
11368;Camp_lign;Camp_lign;public;NA;non;NA;NA;Baulmes;7;529961;183268;885;ForetConifere;NA;NA;NA;NA;Anne Freitag;Camp;Camp_lign;2019;oui;Camp_lign;NA;NA;NA;NA;NA;NA;NA;NA;NA;NA;NA;NA;NA;NA;NA;NA;NA;NA;NA;NA;NA;NA;NA;NA;NA;NA;NA;NA;NA;NA;NA;NA;NA;NA;NA;NA;NA;#F9ED32;
10844;Camp_lign;Camp_lign;public;NA;non;NA;NA;Montreux;1;562219;142785;1156;ZoneConstruite;NA;NA;NA;NA;Anne Freitag;Camp;Camp_lign;2019;oui;Camp_lign;NA;NA;NA;NA;NA;NA;NA;NA;NA;NA;NA;NA;NA;NA;NA;NA;NA;NA;NA;NA;NA;NA;NA;NA;NA;NA;NA;NA;NA;NA;NA;NA;NA;NA;NA;NA;NA;#F9ED32;
10652;Camp_lign;Camp_lign;public;NA;non;NA;NA;Sainte-Croix;3;531145;185179;719;lisiere;NA;NA;NA;NA;Anne Freitag;Camp;Camp_lign;2019;oui;Camp_lign;NA;NA;NA;NA;NA;NA;NA;NA;NA;NA;NA;NA;NA;NA;NA;NA;NA;NA;NA;NA;NA;NA;NA;NA;NA;NA;NA;NA;NA;NA;NA;NA;NA;NA;NA;NA;NA;#F9ED32;
10364;Camp_lign;Camp_lign;public;NA;oui;NA;NA;Luins;4;510347;144906;555;lisiere;NA;NA;NA;NA;Anne Freitag;Camp;Camp_lign;2019;oui;Camp_lign;NA;NA;NA;NA;NA;NA;NA;NA;NA;NA;NA;NA;NA;NA;NA;NA;NA;NA;NA;NA;NA;NA;NA;NA;NA;NA;NA;NA;NA;NA;NA;NA;NA;NA;NA;NA;NA;#F9ED32;
10409;Camp_lign;Camp_lign;public;NA;oui;NA;NA;Rolle;5;514472;144680;382;CulturePerm;NA;NA;NA;NA;Anne Freitag;Camp;Camp_lign;2019;oui;Camp_lign;NA;NA;NA;NA;NA;NA;NA;NA;NA;NA;NA;NA;NA;NA;NA;NA;NA;NA;NA;NA;NA;NA;NA;NA;NA;NA;NA;NA;NA;NA;NA;NA;NA;NA;NA;NA;NA;#F9ED32;
2100;Camp_lign;Camp_lign;public;NA;oui;NA;NA;Onnens (VD);3;542430;188529;520;lisiere;NA;NA;NA;NA;Claude Lebas;Camp;Camp_lign;2019;oui;Camp_lign;NA;NA;NA;NA;NA;NA;NA;NA;NA;NA;NA;NA;NA;NA;NA;NA;NA;NA;NA;NA;NA;NA;NA;NA;NA;NA;NA;NA;NA;NA;NA;NA;NA;NA;NA;NA;NA;#F9ED32;
2091;Camp_lign;Camp_lign;public;NA;oui;NA;NA;Onnens (VD);1;542445;188542;521;PrairieSeche;NA;1;NA;NA;Anne Freitag;Camp;Camp_lign;2019;oui;Camp_lign;NA;NA;NA;NA;NA;NA;NA;NA;NA;NA;NA;NA;NA;NA;NA;NA;NA;NA;NA;NA;NA;NA;NA;NA;NA;NA;NA;NA;NA;NA;NA;NA;NA;NA;NA;NA;NA;#F9ED32;
2066;Camp_lign;Camp_lign;public;NA;non;NA;NA;Lucens;1;554472;173869;526;lisiere;NA;NA;NA;NA;Anne Freitag;Camp;Camp_lign;2019;oui;Camp_lign;NA;NA;NA;NA;NA;NA;NA;NA;NA;NA;NA;NA;NA;NA;NA;NA;NA;NA;NA;NA;NA;NA;NA;NA;NA;NA;NA;NA;NA;NA;NA;NA;NA;NA;NA;NA;NA;#F9ED32;
1999;Camp_lign;Camp_lign;public;NA;non;NA;NA;Trélex;1;503706;141965;589;ForetFeuillus;NA;NA;NA;NA;Anne Freitag;Camp;Camp_lign;2019;oui;Camp_lign;NA;NA;NA;NA;NA;NA;NA;NA;NA;NA;NA;NA;NA;NA;NA;NA;NA;NA;NA;NA;NA;NA;NA;NA;NA;NA;NA;NA;NA;NA;NA;NA;NA;NA;NA;NA;NA;#F9ED32;
1716;Camp_lign;Camp_lign;public;NA;non;NA;NA;Bursins;4;511317;145512;534;ZoneConstruite;NA;NA;NA;NA;Simon Vogel;Camp;Camp_lign;2019;oui;Camp_lign;NA;NA;NA;NA;NA;NA;NA;NA;NA;NA;NA;NA;NA;NA;NA;NA;NA;NA;NA;NA;NA;NA;NA;NA;NA;NA;NA;NA;NA;NA;NA;NA;NA;NA;NA;NA;NA;#F9ED32;
1639;Camp_lign;Camp_lign;public;NA;non;NA;NA;Bursins;NA;511316;145496;534;ZoneConstruite;1;NA;NA;NA;Anne Freitag;Camp;Camp_lign;2019;oui;Camp_lign;reine désailée;NA;NA;NA;NA;NA;NA;NA;NA;NA;NA;NA;NA;NA;NA;NA;NA;NA;NA;NA;NA;NA;NA;NA;NA;NA;NA;NA;NA;NA;NA;NA;NA;NA;NA;NA;NA;#F9ED32;
1667;Camp_lign;Camp_lign;public;NA;non;NA;NA;Le Lieu;5;509766;165191;1036;transport;NA;NA;NA;NA;Anne Freitag;Camp;Camp_lign;2019;oui;Camp_lign;NA;NA;NA;NA;NA;NA;NA;NA;NA;NA;NA;NA;NA;NA;NA;NA;NA;NA;NA;NA;NA;NA;NA;NA;NA;NA;NA;NA;NA;NA;NA;NA;NA;NA;NA;NA;NA;#F9ED32;
1585;Camp_lign;Camp_lign;public;NA;oui;NA;NA;Ballaigues;7;522535;175539;782;Autre;NA;NA;NA;NA;Anne Freitag;Camp;Camp_lign;2019;oui;Camp_lign;NA;NA;NA;NA;NA;NA;NA;NA;NA;NA;NA;NA;NA;NA;NA;NA;NA;NA;NA;NA;NA;NA;NA;NA;NA;NA;NA;NA;NA;NA;NA;NA;NA;NA;NA;NA;NA;#F9ED32;
4619;Camp_lign;Camp_lign;public;NA;non;NA;NA;Pully;1;541092;151879;500;lisiere;NA;NA;NA;NA;Anne Freitag;Camp;Camp_lign;2019;oui;Camp_lign;NA;NA;NA;NA;NA;NA;NA;NA;NA;NA;NA;NA;NA;NA;NA;NA;NA;NA;NA;NA;NA;NA;NA;NA;NA;NA;NA;NA;NA;NA;NA;NA;NA;NA;NA;NA;NA;#F9ED32;
4853;Camp_lign;Camp_lign;public;NA;non;NA;NA;Le Mont-sur-Lausanne;2;538529;156646;717;ForetMixe;NA;NA;NA;NA;Anne Freitag;Camp;Camp_lign;2019;oui;Camp_lign;NA;NA;NA;NA;NA;NA;NA;NA;NA;NA;NA;NA;NA;NA;NA;NA;NA;NA;NA;NA;NA;NA;NA;NA;NA;NA;NA;NA;NA;NA;NA;NA;NA;NA;NA;NA;NA;#F9ED32;
1851;Camp_lign;Camp_lign;public;NA;non;NA;NA;Vallorbe;1;516651;173749;1215;ForetFeuillus;NA;NA;NA;NA;Anne Freitag;Camp;Camp_lign;2019;oui;Camp_lign;NA;NA;NA;NA;NA;NA;NA;NA;NA;NA;NA;NA;NA;NA;NA;NA;NA;NA;NA;NA;NA;NA;NA;NA;NA;NA;NA;NA;NA;NA;NA;NA;NA;NA;NA;NA;NA;#F9ED32;
4341;Camp_lign;Camp_lign;public;NA;non;NA;NA;Gryon;1;572647;125797;1227;ZoneConstruite;NA;NA;NA;NA;Anne Freitag;Camp;Camp_lign;2019;oui;Camp_lign;NA;NA;NA;NA;NA;NA;NA;NA;NA;NA;NA;NA;NA;NA;NA;NA;NA;NA;NA;NA;NA;NA;NA;NA;NA;NA;NA;NA;NA;NA;NA;NA;NA;NA;NA;NA;NA;#F9ED32;
1764;Camp_lign;Camp_lign;public;NA;non;NA;NA;Vallorbe;1;516651;173749;1215;ForetFeuillus;NA;NA;NA;NA;Anne Freitag;Camp;Camp_lign;2019;oui;Camp_lign;NA;NA;NA;NA;NA;NA;NA;NA;NA;NA;NA;NA;NA;NA;NA;NA;NA;NA;NA;NA;NA;NA;NA;NA;NA;NA;NA;NA;NA;NA;NA;NA;NA;NA;NA;NA;NA;#F9ED32;
9423;Camp_lign;Camp_lign;public;NA;oui;NA;NA;Pully;10;540630;153006;632;ZoneConstruite;NA;NA;1;NA;Anne Freitag;Camp;Camp_lign;2019;oui;Camp_lign;NA;NA;NA;NA;NA;NA;NA;NA;NA;NA;NA;NA;NA;NA;NA;NA;NA;NA;NA;NA;NA;NA;NA;NA;NA;NA;NA;NA;NA;NA;NA;NA;NA;NA;NA;NA;NA;#F9ED32;
6856;Camp_lign;Camp_lign;public;NA;non;NA;NA;Le Chenit;5;507474;162593;1028;ZoneConstruite;10;NA;NA;NA;Anne Freitag;Camp;Camp_lign;2019;oui;Camp_lign;reines ailées;NA;NA;NA;NA;NA;NA;NA;NA;NA;NA;NA;NA;NA;NA;NA;NA;NA;NA;NA;NA;NA;NA;NA;NA;NA;NA;NA;NA;NA;NA;NA;NA;NA;NA;NA;NA;#F9ED32;
5737;Camp_lign;Camp_lign;public;NA;oui;NA;NA;Ferreyres;NA;526316;168814;620;ForetMixe;1;NA;NA;NA;Anne Freitag;Camp;Camp_lign;2019;oui;Camp_lign;reine désailée;NA;NA;NA;NA;NA;NA;NA;NA;NA;NA;NA;NA;NA;NA;NA;NA;NA;NA;NA;NA;NA;NA;NA;NA;NA;NA;NA;NA;NA;NA;NA;NA;NA;NA;NA;NA;#F9ED32;
3818;Camp_lign;Camp_lign;public;NA;non;NA;NA;Château-d'Oex;4;575805;146981;988;lisiere;NA;NA;NA;NA;Anne Freitag;Camp;Camp_lign;2019;oui;Camp_lign;NA;NA;NA;NA;NA;NA;NA;NA;NA;NA;NA;NA;NA;NA;NA;NA;NA;NA;NA;NA;NA;NA;NA;NA;NA;NA;NA;NA;NA;NA;NA;NA;NA;NA;NA;NA;NA;#F9ED32;
2623;Camp_lign;Camp_lign;public;NA;non;NA;NA;Rougemont;7;581631;148404;1018;ZoneConstruite;NA;NA;NA;NA;Anne Freitag;Camp;Camp_lign;2019;oui;Camp_lign;NA;NA;NA;NA;NA;NA;NA;NA;NA;NA;NA;NA;NA;NA;NA;NA;NA;NA;NA;NA;NA;NA;NA;NA;NA;NA;NA;NA;NA;NA;NA;NA;NA;NA;NA;NA;NA;#F9ED32;
2108;Camp_lign;Camp_lign;public;NA;non;NA;NA;Gimel;1;509304;155108;1326;lisiere;NA;NA;NA;NA;Anne Freitag;Camp;Camp_lign;2019;oui;Camp_lign;NA;NA;NA;NA;NA;NA;NA;NA;NA;NA;NA;NA;NA;NA;NA;NA;NA;NA;NA;NA;NA;NA;NA;NA;NA;NA;NA;NA;NA;NA;NA;NA;NA;NA;NA;NA;NA;#F9ED32;
2209;Camp_lign;Camp_lign;public;NA;non;NA;NA;Gingins;1;502652;142237;659;ForetFeuillus;1;NA;NA;NA;Anne Freitag;Camp;Camp_lign;2019;oui;Camp_lign;reine ailée;NA;NA;NA;NA;NA;NA;NA;NA;NA;NA;NA;NA;NA;NA;NA;NA;NA;NA;NA;NA;NA;NA;NA;NA;NA;NA;NA;NA;NA;NA;NA;NA;NA;NA;NA;NA;#F9ED32;
15974;Camp_lign;Camp_lign;public;NA;oui;NA;NA;Gryon;7;571905;126053;1263;ZoneConstruite;NA;NA;NA;NA;Anne Freitag;Camp;Camp_lign;2019;oui;Camp_lign;NA;NA;NA;NA;NA;NA;NA;NA;NA;NA;NA;NA;NA;NA;NA;NA;NA;NA;NA;NA;NA;NA;NA;NA;NA;NA;NA;NA;NA;NA;NA;NA;NA;NA;NA;NA;NA;#F9ED32;
13605;Camp_lign;Camp_lign;public;NA;non;NA;NA;Montreux;NA;560766;144498;1000;Autre;NA;NA;NA;NA;Simon Vogel;Camp;Camp_lign;2019;oui;Camp_lign;NA;NA;NA;NA;NA;NA;NA;NA;NA;NA;NA;NA;NA;NA;NA;NA;NA;NA;NA;NA;NA;NA;NA;NA;NA;NA;NA;NA;NA;NA;NA;NA;NA;NA;NA;NA;NA;#F9ED32;
17116;Camp_lign;Camp_lign;public;NA;oui;NA;NA;Vaulion;3;517446;171265;1319;transport;NA;NA;NA;NA;Anne Freitag;Camp;Camp_lign;2019;oui;Camp_lign; zone échantillonnée par différents étudiants du cours bioindication, 1 épinglé;NA;NA;NA;NA;NA;NA;NA;NA;NA;NA;NA;NA;NA;NA;NA;NA;NA;NA;NA;NA;NA;NA;NA;NA;NA;NA;NA;NA;NA;NA;NA;NA;NA;NA;NA;NA;#F9ED32;
16424;Camp_lign;Camp_lign;public;NA;non;NA;NA;Aigle;1;564319;128380;479;lisiere;NA;NA;NA;NA;Anne Freitag;Camp;Camp_lign;2019;oui;Camp_lign;NA;NA;NA;NA;NA;NA;NA;NA;NA;NA;NA;NA;NA;NA;NA;NA;NA;NA;NA;NA;NA;NA;NA;NA;NA;NA;NA;NA;NA;NA;NA;NA;NA;NA;NA;NA;NA;#F9ED32;
16111;Camp_lign;Camp_lign;public;NA;non;NA;NA;Aigle;1;564315;128388;483;transport;NA;NA;NA;NA;Anne Freitag;Camp;Camp_lign;2019;oui;Camp_lign;NA;NA;NA;NA;NA;NA;NA;NA;NA;NA;NA;NA;NA;NA;NA;NA;NA;NA;NA;NA;NA;NA;NA;NA;NA;NA;NA;NA;NA;NA;NA;NA;NA;NA;NA;NA;NA;#F9ED32;
15222;Camp_lign;Camp_lign;public;NA;oui;NA;NA;Rossinière;7;572826;146526;970;transport;NA;NA;NA;NA;Anne Freitag;Camp;Camp_lign;2019;oui;Camp_lign;NA;NA;NA;NA;NA;NA;NA;NA;NA;NA;NA;NA;NA;NA;NA;NA;NA;NA;NA;NA;NA;NA;NA;NA;NA;NA;NA;NA;NA;NA;NA;NA;NA;NA;NA;NA;NA;#F9ED32;
14051;Camp_lign;Camp_lign;public;NA;oui;NA;NA;Lavey-Morcles;8;568192;116378;440;ForetFeuillus;NA;NA;NA;NA;Anne Freitag;Camp;Camp_lign;2019;oui;Camp_lign;NA;NA;NA;NA;NA;NA;NA;NA;NA;NA;NA;NA;NA;NA;NA;NA;NA;NA;NA;NA;NA;NA;NA;NA;NA;NA;NA;NA;NA;NA;NA;NA;NA;NA;NA;NA;NA;#F9ED32;
13803;Camp_lign;Camp_lign;public;NA;non;NA;NA;Ormont-Dessus;2;576097;134077;1191;ZoneConstruite;NA;NA;NA;NA;Anne Freitag;Camp;Camp_lign;2019;oui;Camp_lign;NA;NA;NA;NA;NA;NA;NA;NA;NA;NA;NA;NA;NA;NA;NA;NA;NA;NA;NA;NA;NA;NA;NA;NA;NA;NA;NA;NA;NA;NA;NA;NA;NA;NA;NA;NA;NA;#F9ED32;
13603;Camp_lign;Camp_lign;public;NA;non;NA;NA;Champagne;2;540212;187867;559;transport;NA;NA;NA;NA;Anne Freitag;Camp;Camp_lign;2019;oui;Camp_lign;NA;NA;NA;NA;NA;NA;NA;NA;NA;NA;NA;NA;NA;NA;NA;NA;NA;NA;NA;NA;NA;NA;NA;NA;NA;NA;NA;NA;NA;NA;NA;NA;NA;NA;NA;NA;NA;#F9ED32;
13436;Camp_lign;Camp_lign;public;NA;non;NA;NA;Moudon;8;550424;168067;516;lisiere;NA;NA;NA;NA;Anne Freitag;Camp;Camp_lign;2019;oui;Camp_lign;NA;NA;NA;NA;NA;NA;NA;NA;NA;NA;NA;NA;NA;NA;NA;NA;NA;NA;NA;NA;NA;NA;NA;NA;NA;NA;NA;NA;NA;NA;NA;NA;NA;NA;NA;NA;NA;#F9ED32;
13433;Camp_lign;Camp_lign;public;NA;non;NA;NA;Bottens;10;540875;162227;781;ForetMixe;NA;NA;NA;NA;Anne Freitag;Camp;Camp_lign;2019;oui;Camp_lign;NA;NA;NA;NA;NA;NA;NA;NA;NA;NA;NA;NA;NA;NA;NA;NA;NA;NA;NA;NA;NA;NA;NA;NA;NA;NA;NA;NA;NA;NA;NA;NA;NA;NA;NA;NA;NA;#F9ED32;
12972;Camp_lign;Camp_lign;public;NA;non;NA;NA;NA;7;NA;NA;NA;NA;NA;NA;NA;NA;Anne Freitag;Camp;Camp_lign;2019;oui;Camp_lign;hors canton VD;NA;NA;NA;NA;NA;NA;NA;NA;NA;NA;NA;NA;NA;NA;NA;NA;NA;NA;NA;NA;NA;NA;NA;NA;NA;NA;NA;NA;NA;NA;NA;NA;NA;NA;NA;NA;#F9ED32;
12880;Camp_lign;Camp_lign;public;NA;oui;NA;NA;Montreux;6;560732;142135;668;NA;NA;NA;NA;NA;Anne Freitag;Camp;Camp_lign;2019;oui;Camp_lign;NA;NA;NA;NA;NA;NA;NA;NA;NA;NA;NA;NA;NA;NA;NA;NA;NA;NA;NA;NA;NA;NA;NA;NA;NA;NA;NA;NA;NA;NA;NA;NA;NA;NA;NA;NA;NA;#F9ED32;
12810;Camp_lign;Camp_lign;public;NA;non;NA;NA;Bex;2;570249;125062;1177;ZoneConstruite;NA;NA;NA;NA;Anne Freitag;Camp;Camp_lign;2019;oui;Camp_lign;NA;NA;NA;NA;NA;NA;NA;NA;NA;NA;NA;NA;NA;NA;NA;NA;NA;NA;NA;NA;NA;NA;NA;NA;NA;NA;NA;NA;NA;NA;NA;NA;NA;NA;NA;NA;NA;#F9ED32;
12304;Camp_lign;Camp_lign;public;NA;oui;NA;NA;Ollon;9;564164;126591;413;transport;NA;NA;NA;NA;Anne Freitag;Camp;Camp_lign;2019;oui;Camp_lign;NA;NA;NA;NA;NA;NA;NA;NA;NA;NA;NA;NA;NA;NA;NA;NA;NA;NA;NA;NA;NA;NA;NA;NA;NA;NA;NA;NA;NA;NA;NA;NA;NA;NA;NA;NA;NA;#F9ED32;
12236;Camp_lign;Camp_lign;public;NA;non;NA;NA;NA;1;NA;NA;NA;NA;NA;NA;NA;NA;Anne Freitag;Camp;Camp_lign;2019;oui;Camp_lign;hors canton VD;NA;NA;NA;NA;NA;NA;NA;NA;NA;NA;NA;NA;NA;NA;NA;NA;NA;NA;NA;NA;NA;NA;NA;NA;NA;NA;NA;NA;NA;NA;NA;NA;NA;NA;NA;NA;#F9ED32;
12011;Camp_lign;Camp_lign;public;NA;non;NA;NA;NA;1;NA;NA;NA;NA;NA;NA;NA;NA;Anne Freitag;Camp;Camp_lign;2019;oui;Camp_lign;hors canton VD;NA;NA;NA;NA;NA;NA;NA;NA;NA;NA;NA;NA;NA;NA;NA;NA;NA;NA;NA;NA;NA;NA;NA;NA;NA;NA;NA;NA;NA;NA;NA;NA;NA;NA;NA;NA;#F9ED32;
11856;Camp_lign;Camp_lign;public;NA;non;NA;NA;Veytaux;1;560853;140278;373;transport;NA;NA;NA;NA;Anne Freitag;Camp;Camp_lign;2019;oui;Camp_lign;NA;NA;NA;NA;NA;NA;NA;NA;NA;NA;NA;NA;NA;NA;NA;NA;NA;NA;NA;NA;NA;NA;NA;NA;NA;NA;NA;NA;NA;NA;NA;NA;NA;NA;NA;NA;NA;#F9ED32;
11054;Camp_lign;Camp_lign;public;NA;non;NA;NA;Payerne;1;562900;182652;562;ForetMixe;NA;NA;NA;NA;Anne Freitag;Camp;Camp_lign;2019;oui;Camp_lign;NA;NA;NA;NA;NA;NA;NA;NA;NA;NA;NA;NA;NA;NA;NA;NA;NA;NA;NA;NA;NA;NA;NA;NA;NA;NA;NA;NA;NA;NA;NA;NA;NA;NA;NA;NA;NA;#F9ED32;
10696;Camp_lign;Camp_lign;public;NA;oui;NA;NA;Tévenon;8;538028;188775;757;ZoneConstruite;NA;NA;NA;NA;Anne Freitag;Camp;Camp_lign;2019;oui;Camp_lign;NA;NA;NA;NA;NA;NA;NA;NA;NA;NA;NA;NA;NA;NA;NA;NA;NA;NA;NA;NA;NA;NA;NA;NA;NA;NA;NA;NA;NA;NA;NA;NA;NA;NA;NA;NA;NA;#F9ED32;
8392;Camp_lign;Camp_lign;public;NA;non;NA;NA;Chardonne;1;552032;148841;860;Autre;NA;NA;NA;NA;Anne Freitag;Camp;Camp_lign;2019;oui;Camp_lign;NA;NA;NA;NA;NA;NA;NA;NA;NA;NA;NA;NA;NA;NA;NA;NA;NA;NA;NA;NA;NA;NA;NA;NA;NA;NA;NA;NA;NA;NA;NA;NA;NA;NA;NA;NA;NA;#F9ED32;
8378;Camp_lign;Camp_lign;public;NA;oui;NA;NA;Chardonne;2;552137;148012;769;ZoneConstruite;NA;NA;NA;NA;Anne Freitag;Camp;Camp_lign;2019;oui;Camp_lign;NA;NA;NA;NA;NA;NA;NA;NA;NA;NA;NA;NA;NA;NA;NA;NA;NA;NA;NA;NA;NA;NA;NA;NA;NA;NA;NA;NA;NA;NA;NA;NA;NA;NA;NA;NA;NA;#F9ED32;
7745;Camp_lign;Camp_lign;public;NA;non;NA;NA;Chardonne;1;552657;148880;945;Autre;NA;NA;NA;NA;Anne Freitag;Camp;Camp_lign;2019;oui;Camp_lign;NA;NA;NA;NA;NA;NA;NA;NA;NA;NA;NA;NA;NA;NA;NA;NA;NA;NA;NA;NA;NA;NA;NA;NA;NA;NA;NA;NA;NA;NA;NA;NA;NA;NA;NA;NA;NA;#F9ED32;
7576;Camp_lign;Camp_lign;public;NA;non;NA;NA;Leysin;2;566839;132593;1387;transport;NA;NA;NA;NA;Anne Freitag;Camp;Camp_lign;2019;oui;Camp_lign;NA;NA;NA;NA;NA;NA;NA;NA;NA;NA;NA;NA;NA;NA;NA;NA;NA;NA;NA;NA;NA;NA;NA;NA;NA;NA;NA;NA;NA;NA;NA;NA;NA;NA;NA;NA;NA;#F9ED32;
8906;Camp_lign;Camp_lign;public;NA;non;NA;NA;Bex;3;570361;124950;1171;ZoneConstruite;NA;NA;NA;NA;Anne Freitag;Camp;Camp_lign;2019;oui;Camp_lign;NA;NA;NA;NA;NA;NA;NA;NA;NA;NA;NA;NA;NA;NA;NA;NA;NA;NA;NA;NA;NA;NA;NA;NA;NA;NA;NA;NA;NA;NA;NA;NA;NA;NA;NA;NA;NA;#F9ED32;
10416;Camp_lign;Camp_lign;public;NA;non;NA;NA;Chexbres;NA;548803;148415;592;ZoneConstruite;NA;NA;NA;NA;Anne Freitag;Camp;Camp_lign;2019;oui;Camp_lign;NA;NA;NA;NA;NA;NA;NA;NA;NA;NA;NA;NA;NA;NA;NA;NA;NA;NA;NA;NA;NA;NA;NA;NA;NA;NA;NA;NA;NA;NA;NA;NA;NA;NA;NA;NA;NA;#F9ED32;
5900;Camp_lign;Camp_lign;public;NA;oui;NA;NA;Ferreyres;4;525916;168864;639;ForetFeuillus;NA;NA;NA;NA;Anne Freitag;Camp;Camp_lign;2019;oui;Camp_lign;NA;NA;NA;NA;NA;NA;NA;NA;NA;NA;NA;NA;NA;NA;NA;NA;NA;NA;NA;NA;NA;NA;NA;NA;NA;NA;NA;NA;NA;NA;NA;NA;NA;NA;NA;NA;NA;#F9ED32;
5823;Camp_lign;Camp_lign;public;NA;oui;NA;NA;Ollon;3;564501;127125;430;Carriere;NA;NA;NA;NA;Anne Freitag;Camp;Camp_lign;2019;oui;Camp_lign;NA;NA;NA;NA;NA;NA;NA;NA;NA;NA;NA;NA;NA;NA;NA;NA;NA;NA;NA;NA;NA;NA;NA;NA;NA;NA;NA;NA;NA;NA;NA;NA;NA;NA;NA;NA;NA;#F9ED32;
1933;Camp_lign;Camp_lign;public;NA;oui;NA;NA;Aigle;4;565031;128918;510;transport;NA;NA;NA;NA;Anne Freitag;Camp;Camp_lign;2019;oui;Camp_lign;NA;NA;NA;NA;NA;NA;NA;NA;NA;NA;NA;NA;NA;NA;NA;NA;NA;NA;NA;NA;NA;NA;NA;NA;NA;NA;NA;NA;NA;NA;NA;NA;NA;NA;NA;NA;NA;#F9ED32;
4821;Camp_lign;Camp_lign;public;NA;oui;NA;NA;Blonay;8;558648;145593;573;ForetFeuillus;NA;NA;NA;NA;Simon Vogel;Camp;Camp_lign;2019;oui;Camp_lign;NA;NA;NA;NA;NA;NA;NA;NA;NA;NA;NA;NA;NA;NA;NA;NA;NA;NA;NA;NA;NA;NA;NA;NA;NA;NA;NA;NA;NA;NA;NA;NA;NA;NA;NA;NA;NA;#F9ED32;
16117;Camp_lign;Camp_lign;public;NA;oui;NA;NA;Cremin;2;554058;174271;642;Autre;NA;NA;NA;NA;Anne Freitag;Camp;Camp_lign;2019;oui;Camp_lign;NA;NA;NA;NA;NA;NA;NA;NA;NA;NA;NA;NA;NA;NA;NA;NA;NA;NA;NA;NA;NA;NA;NA;NA;NA;NA;NA;NA;NA;NA;NA;NA;NA;NA;NA;NA;NA;#F9ED32;
3003;Camp_lign;Camp_lign;public;NA;non;NA;NA;Lausanne;NA;543137;156752;875;ZoneConstruite;1;NA;NA;NA;Anne Freitag;Camp;Camp_lign;2019;oui;Camp_lign;reine désailée;NA;NA;NA;NA;NA;NA;NA;NA;NA;NA;NA;NA;NA;NA;NA;NA;NA;NA;NA;NA;NA;NA;NA;NA;NA;NA;NA;NA;NA;NA;NA;NA;NA;NA;NA;NA;#F9ED32;
7375;Camp_lign;Camp_lign;public;NA;oui;NA;NA;Puidoux;3;549676;149799;683;ZoneConstruite;NA;NA;NA;NA;Anne Freitag;Camp;Camp_lign;2019;oui;Camp_lign;NA;NA;NA;NA;NA;NA;NA;NA;NA;NA;NA;NA;NA;NA;NA;NA;NA;NA;NA;NA;NA;NA;NA;NA;NA;NA;NA;NA;NA;NA;NA;NA;NA;NA;NA;NA;NA;#F9ED32;
7170;Camp_lign;Camp_lign;public;NA;oui;NA;NA;Bex;NA;570488;124088;813;transport;1;NA;NA;NA;Anne Freitag;Camp;Camp_lign;2019;oui;Camp_lign;reine désailée;NA;NA;NA;NA;NA;NA;NA;NA;NA;NA;NA;NA;NA;NA;NA;NA;NA;NA;NA;NA;NA;NA;NA;NA;NA;NA;NA;NA;NA;NA;NA;NA;NA;NA;NA;NA;#F9ED32;
7138;Camp_lign;Camp_lign;public;NA;oui;NA;NA;Bex;5;570488;124088;813;transport;NA;NA;NA;NA;Simon Vogel;Camp;Camp_lign;2019;oui;Camp_lign;NA;NA;NA;NA;NA;NA;NA;NA;NA;NA;NA;NA;NA;NA;NA;NA;NA;NA;NA;NA;NA;NA;NA;NA;NA;NA;NA;NA;NA;NA;NA;NA;NA;NA;NA;NA;NA;#F9ED32;
6682;Camp_lign;Camp_lign;public;NA;oui;NA;NA;Blonay;7;560008;147374;1131;ZoneConstruite;NA;NA;NA;NA;Anne Freitag;Camp;Camp_lign;2019;oui;Camp_lign;NA;NA;NA;NA;NA;NA;NA;NA;NA;NA;NA;NA;NA;NA;NA;NA;NA;NA;NA;NA;NA;NA;NA;NA;NA;NA;NA;NA;NA;NA;NA;NA;NA;NA;NA;NA;NA;#F9ED32;
6177;Camp_lign;Camp_lign;public;NA;oui;NA;NA;Aigle;7;564516;128503;568;CulturePerm;NA;NA;NA;NA;Anne Freitag;Camp;Camp_lign;2019;oui;Camp_lign;NA;NA;NA;NA;NA;NA;NA;NA;NA;NA;NA;NA;NA;NA;NA;NA;NA;NA;NA;NA;NA;NA;NA;NA;NA;NA;NA;NA;NA;NA;NA;NA;NA;NA;NA;NA;NA;#F9ED32;
5817;Camp_lign;Camp_lign;public;NA;oui;NA;NA;Ollon;2;564501;127125;430;Carriere;NA;NA;NA;NA;Anne Freitag;Camp;Camp_lign;2019;oui;Camp_lign;NA;NA;NA;NA;NA;NA;NA;NA;NA;NA;NA;NA;NA;NA;NA;NA;NA;NA;NA;NA;NA;NA;NA;NA;NA;NA;NA;NA;NA;NA;NA;NA;NA;NA;NA;NA;NA;#F9ED32;
5587;Camp_lign;Camp_lign;public;NA;oui;NA;NA;Ferreyres;7;525916;168864;639;ForetFeuillus;NA;NA;NA;NA;Anne Freitag;Camp;Camp_lign;2019;oui;Camp_lign;NA;NA;NA;NA;NA;NA;NA;NA;NA;NA;NA;NA;NA;NA;NA;NA;NA;NA;NA;NA;NA;NA;NA;NA;NA;NA;NA;NA;NA;NA;NA;NA;NA;NA;NA;NA;NA;#F9ED32;
5528;Camp_lign;Camp_lign;public;NA;oui;NA;NA;Ollon;2;564501;127125;430;Carriere;NA;NA;NA;NA;Anne Freitag;Camp;Camp_lign;2019;oui;Camp_lign;NA;NA;NA;NA;NA;NA;NA;NA;NA;NA;NA;NA;NA;NA;NA;NA;NA;NA;NA;NA;NA;NA;NA;NA;NA;NA;NA;NA;NA;NA;NA;NA;NA;NA;NA;NA;NA;#F9ED32;
5250;Camp_lign;Camp_lign;public;NA;non;NA;NA;Bourg-en-Lavaux;2;544651;150100;625;transport;NA;NA;NA;NA;Anne Freitag;Camp;Camp_lign;2019;oui;Camp_lign;NA;NA;NA;NA;NA;NA;NA;NA;NA;NA;NA;NA;NA;NA;NA;NA;NA;NA;NA;NA;NA;NA;NA;NA;NA;NA;NA;NA;NA;NA;NA;NA;NA;NA;NA;NA;NA;#F9ED32;
4346;Camp_lign;Camp_lign;public;NA;non;NA;NA;Montreux;3;560748;144455;999;ZoneConstruite;NA;NA;NA;NA;Anne Freitag;Camp;Camp_lign;2019;oui;Camp_lign;NA;NA;NA;NA;NA;NA;NA;NA;NA;NA;NA;NA;NA;NA;NA;NA;NA;NA;NA;NA;NA;NA;NA;NA;NA;NA;NA;NA;NA;NA;NA;NA;NA;NA;NA;NA;NA;#F9ED32;
3497;Camp_lign;Camp_lign;public;NA;oui;NA;NA;Ferreyres;4;526452;168550;614;Autre;NA;NA;NA;NA;Anne Freitag;Camp;Camp_lign;2019;oui;Camp_lign;NA;NA;NA;NA;NA;NA;NA;NA;NA;NA;NA;NA;NA;NA;NA;NA;NA;NA;NA;NA;NA;NA;NA;NA;NA;NA;NA;NA;NA;NA;NA;NA;NA;NA;NA;NA;NA;#F9ED32;
2949;Camp_lign;Camp_lign;public;NA;non;NA;NA;Aigle;1;564379;128380;490;lisiere;NA;NA;NA;NA;Anne Freitag;Camp;Camp_lign;2019;oui;Camp_lign;NA;NA;NA;NA;NA;NA;NA;NA;NA;NA;NA;NA;NA;NA;NA;NA;NA;NA;NA;NA;NA;NA;NA;NA;NA;NA;NA;NA;NA;NA;NA;NA;NA;NA;NA;NA;NA;#F9ED32;
1193;Camp_lign;Camp_lign;public;NA;non;NA;NA;Arzier-Le Muids;1;505605;145896;843;ZoneConstruite;NA;NA;NA;NA;Anne Freitag;Camp;Camp_lign;2019;oui;Camp_lign;NA;NA;NA;NA;NA;NA;NA;NA;NA;NA;NA;NA;NA;NA;NA;NA;NA;NA;NA;NA;NA;NA;NA;NA;NA;NA;NA;NA;NA;NA;NA;NA;NA;NA;NA;NA;NA;#F9ED32;
1178;Camp_lign;Camp_lign;public;NA;non;NA;NA;Montherod;6;517714;151680;570;ZoneConstruite;NA;NA;NA;NA;Anne Freitag;Camp;Camp_lign;2019;oui;Camp_lign;NA;NA;NA;NA;NA;NA;NA;NA;NA;NA;NA;NA;NA;NA;NA;NA;NA;NA;NA;NA;NA;NA;NA;NA;NA;NA;NA;NA;NA;NA;NA;NA;NA;NA;NA;NA;NA;#F9ED32;
558;Camp_lign;Camp_lign;public;NA;non;NA;NA;Le Vaud;1;507765;148077;807;transport;NA;NA;NA;NA;Anne Freitag;Camp;Camp_lign;2019;oui;Camp_lign;NA;NA;NA;NA;NA;NA;NA;NA;NA;NA;NA;NA;NA;NA;NA;NA;NA;NA;NA;NA;NA;NA;NA;NA;NA;NA;NA;NA;NA;NA;NA;NA;NA;NA;NA;NA;NA;#F9ED32;
388;Camp_lign;Camp_lign;public;NA;oui;NA;NA;Gryon;4;572124;125802;1207;ZoneConstruite;1;NA;NA;NA;Anne Freitag;Camp;Camp_lign;2019;oui;Camp_lign;reine désailée; ouvrières minors;NA;NA;NA;NA;NA;NA;NA;NA;NA;NA;NA;NA;NA;NA;NA;NA;NA;NA;NA;NA;NA;NA;NA;NA;NA;NA;NA;NA;NA;NA;NA;NA;NA;NA;NA;NA;#F9ED32
6221;Camp_lign;Camp_lign;public;NA;oui;NA;NA;Lausanne;2;541908;154585;746;ZoneConstruite;NA;NA;NA;NA;Anne Freitag;Camp;Camp_lign;2019;oui;Camp_lign;NA;NA;NA;NA;NA;NA;NA;NA;NA;NA;NA;NA;NA;NA;NA;NA;NA;NA;NA;NA;NA;NA;NA;NA;NA;NA;NA;NA;NA;NA;NA;NA;NA;NA;NA;NA;NA;#F9ED32;
6791;Camp_lign;Camp_lign;public;NA;non;NA;NA;Blonay;3;560008;147374;1131;ZoneConstruite;NA;NA;NA;NA;Anne Freitag;Camp;Camp_lign;2019;oui;Camp_lign;NA;NA;NA;NA;NA;NA;NA;NA;NA;NA;NA;NA;NA;NA;NA;NA;NA;NA;NA;NA;NA;NA;NA;NA;NA;NA;NA;NA;NA;NA;NA;NA;NA;NA;NA;NA;NA;#F9ED32;
16086;Camp_lign;Camp_lign;public;NA;oui;NA;NA;La Praz;1;522314;170131;1165;transport;NA;NA;NA;NA;Anne Freitag;Camp;Camp_lign;2019;oui;Camp_lign;NA;NA;NA;NA;NA;NA;NA;NA;NA;NA;NA;NA;NA;NA;NA;NA;NA;NA;NA;NA;NA;NA;NA;NA;NA;NA;NA;NA;NA;NA;NA;NA;NA;NA;NA;NA;NA;#F9ED32;
10712;Camp_lign;Camp_lign;public;NA;non;NA;NA;Ormont-Dessous;6;574381;138113;1495;ZoneConstruite;NA;NA;NA;NA;Anne Freitag;Camp;Camp_lign;2019;oui;Camp_lign;NA;NA;NA;NA;NA;NA;NA;NA;NA;NA;NA;NA;NA;NA;NA;NA;NA;NA;NA;NA;NA;NA;NA;NA;NA;NA;NA;NA;NA;NA;NA;NA;NA;NA;NA;NA;NA;#F9ED32;
16266;Camp_pice;Camp_pice;public;NA;non;NA;NA;Onnens (VD);1;542483;188444;494;PrairieSeche;NA;NA;NA;NA;Anne Freitag;Camp;Camp_pice;2019;oui;Camp_pice;NA;NA;NA;NA;NA;NA;NA;NA;NA;NA;NA;NA;NA;NA;NA;NA;NA;NA;NA;NA;NA;NA;NA;NA;NA;NA;NA;NA;NA;NA;NA;NA;NA;NA;NA;NA;NA;#006838;
5924;Camp_pice;Camp_pice;public;NA;oui;NA;NA;Ollon;4;564501;127125;430;Carriere;NA;1;NA;NA;NA;Camp;Camp_pice;2019;oui;Camp_pice;NA;NA;NA;NA;NA;NA;NA;NA;NA;NA;NA;NA;NA;NA;NA;NA;NA;NA;NA;NA;NA;NA;NA;NA;NA;NA;NA;NA;NA;NA;NA;NA;NA;NA;NA;NA;NA;#006838;
5972;Camp_pice;Camp_pice;public;NA;oui;NA;NA;Ollon;6;564501;127125;430;Carriere;NA;1;NA;NA;NA;Camp;Camp_pice;2019;oui;Camp_pice;NA;NA;NA;NA;NA;NA;NA;NA;NA;NA;NA;NA;NA;NA;NA;NA;NA;NA;NA;NA;NA;NA;NA;NA;NA;NA;NA;NA;NA;NA;NA;NA;NA;NA;NA;NA;NA;#006838;
18987;Camp_pice;Camp_pice;public;NA;oui;NA;NA;Onnens (VD);NA;542490;188379;476;Autre;NA;NA;NA;NA;Claude Lebas;Camp;Camp_pice;2019;oui;Camp_pice;NA;NA;NA;NA;NA;NA;NA;NA;NA;NA;NA;NA;NA;NA;NA;NA;NA;NA;NA;NA;NA;NA;NA;NA;NA;NA;NA;NA;NA;NA;NA;NA;NA;NA;NA;NA;NA;#006838;
3056;Camp_pice;Camp_pice;public;NA;oui;NA;NA;La Sarraz;12;529367;167594;460;Autre;NA;NA;NA;NA;Anne Freitag;Camp;Camp_pice;2019;oui;Camp_pice;NA;NA;NA;NA;NA;NA;NA;NA;NA;NA;NA;NA;NA;NA;NA;NA;NA;NA;NA;NA;NA;NA;NA;NA;NA;NA;NA;NA;NA;NA;NA;NA;NA;NA;NA;NA;NA;#006838;
5951;Camp_pice;Camp_pice;public;NA;oui;NA;NA;Ollon;6;564501;127125;430;Carriere;NA;1;NA;NA;NA;Camp;Camp_pice;2019;oui;Camp_pice;NA;NA;NA;NA;NA;NA;NA;NA;NA;NA;NA;NA;NA;NA;NA;NA;NA;NA;NA;NA;NA;NA;NA;NA;NA;NA;NA;NA;NA;NA;NA;NA;NA;NA;NA;NA;NA;#006838;
17411;Camp_pice;Camp_pice;public;NA;oui;NA;NA;Vaulion;5;517446;171265;1319;transport;NA;NA;NA;NA;Tanja Schwander;Camp;Camp_pice;2019;;; zone échantillonnée par différents étudiants du cours bioindication, 1 épinglé;NA;NA;NA;NA;NA;NA;NA;NA;NA;NA;NA;NA;NA;NA;NA;NA;NA;NA;NA;NA;NA;NA;NA;NA;NA;NA;NA;NA;NA;NA;NA;NA;NA;NA;NA;NA;grey;
17322;Camp_pice;Camp_pice;public;NA;oui;NA;NA;Vaulion;3;517446;171265;1319;transport;NA;NA;NA;NA;Tanja Schwander;Camp;Camp_pice;2019;;; zone échantillonnée par différents étudiants du cours bioindication, 1 épinglé;NA;NA;NA;NA;NA;NA;NA;NA;NA;NA;NA;NA;NA;NA;NA;NA;NA;NA;NA;NA;NA;NA;NA;NA;NA;NA;NA;NA;NA;NA;NA;NA;NA;NA;NA;NA;grey;
17063;Camp_herc/lign;Camp_lign;public;NA;oui;NA;NA;Vaulion;NA;517446;171265;1319;NA;NA;NA;NA;NA;Tanja Schwander;Camp;Camp_herc/lign;2019;;; zone échantillonnée par différents étudiants du cours bioindication;NA;NA;NA;NA;NA;NA;NA;NA;NA;NA;NA;NA;NA;NA;NA;NA;NA;NA;NA;NA;NA;NA;NA;NA;NA;NA;NA;NA;NA;NA;NA;NA;NA;NA;NA;NA;grey;
16743;Camp;Camp_lign;public;NA;NA;NA;NA;Tévenon;1;539166;190141;1159;NA;NA;NA;NA;NA;NA;Camp;;2019;;;NA;NA;NA;NA;NA;NA;NA;NA;NA;NA;NA;NA;NA;NA;NA;NA;NA;NA;NA;NA;NA;NA;NA;NA;NA;NA;NA;NA;NA;NA;NA;NA;NA;NA;NA;NA;NA;grey;
17161;Camp_herc/lign;Camp_lign;public;NA;oui;NA;NA;Vaulion;NA;517446;171265;1319;NA;NA;NA;NA;NA;Tanja Schwander;Camp;Camp_herc/lign;2019;;; zone échantillonnée par différents étudiants du cours bioindication;NA;NA;NA;NA;NA;NA;NA;NA;NA;NA;NA;NA;NA;NA;NA;NA;NA;NA;NA;NA;NA;NA;NA;NA;NA;NA;NA;NA;NA;NA;NA;NA;NA;NA;NA;NA;grey;
16854;Camp;Camp_lign;public;NA;NA;NA;NA;Tévenon;1;539348;190209;1160;NA;NA;NA;NA;NA;NA;Camp;;2019;;;NA;NA;NA;NA;NA;NA;NA;NA;NA;NA;NA;NA;NA;NA;NA;NA;NA;NA;NA;NA;NA;NA;NA;NA;NA;NA;NA;NA;NA;NA;NA;NA;NA;NA;NA;NA;NA;grey;
17350;Camp;Camp_herc;public;NA;NA;NA;NA;Gimel;NA;509333;155167;1334;NA;NA;NA;NA;NA;NA;Camp;;2019;;;NA;NA;NA;NA;NA;NA;NA;NA;NA;NA;NA;NA;NA;NA;NA;NA;NA;NA;NA;NA;NA;NA;NA;NA;NA;NA;NA;NA;NA;NA;NA;NA;NA;NA;NA;NA;NA;grey;
17123;Camp_herc/lign;Camp_herc;public;NA;oui;NA;NA;Vaulion;NA;517446;171265;1319;NA;NA;NA;NA;NA;Tanja Schwander;Camp;Camp_herc/lign;2019;;; zone échantillonnée par différents étudiants du cours bioindication;NA;NA;NA;NA;NA;NA;NA;NA;NA;NA;NA;NA;NA;NA;NA;NA;NA;NA;NA;NA;NA;NA;NA;NA;NA;NA;NA;NA;NA;NA;NA;NA;NA;NA;NA;NA;grey;
17467;Camp;Camp_herc;public;NA;NA;NA;NA;Ormont-Dessous;NA;573488;139954;1496;NA;NA;NA;NA;NA;NA;Camp;;2019;;;NA;NA;NA;NA;NA;NA;NA;NA;NA;NA;NA;NA;NA;NA;NA;NA;NA;NA;NA;NA;NA;NA;NA;NA;NA;NA;NA;NA;NA;NA;NA;NA;NA;NA;NA;NA;NA;grey;
17296;Camp;Camp_herc;public;NA;NA;NA;NA;Ormont-Dessous;NA;573488;139954;1496;NA;NA;NA;NA;NA;NA;Camp;;2019;;;NA;NA;NA;NA;NA;NA;NA;NA;NA;NA;NA;NA;NA;NA;NA;NA;NA;NA;NA;NA;NA;NA;NA;NA;NA;NA;NA;NA;NA;NA;NA;NA;NA;NA;NA;NA;NA;grey;
17162;Camp;Camp_herc;public;NA;NA;NA;NA;Ormont-Dessous;NA;573488;139954;1496;NA;NA;NA;NA;NA;NA;Camp;;2019;;;NA;NA;NA;NA;NA;NA;NA;NA;NA;NA;NA;NA;NA;NA;NA;NA;NA;NA;NA;NA;NA;NA;NA;NA;NA;NA;NA;NA;NA;NA;NA;NA;NA;NA;NA;NA;NA;grey;
16830;Camp;Camp_herc;public;NA;NA;NA;NA;Baulmes;1;527546;182431;1203;NA;NA;NA;NA;NA;NA;Camp;;2019;;;NA;NA;NA;NA;NA;NA;NA;NA;NA;NA;NA;NA;NA;NA;NA;NA;NA;NA;NA;NA;NA;NA;NA;NA;NA;NA;NA;NA;NA;NA;NA;NA;NA;NA;NA;NA;NA;grey;
16606;Camp;Camp_herc;public;NA;NA;NA;NA;Tévenon;1;539967;190118;1009;NA;NA;NA;NA;NA;NA;Camp;;2019;;;NA;NA;NA;NA;NA;NA;NA;NA;NA;NA;NA;NA;NA;NA;NA;NA;NA;NA;NA;NA;NA;NA;NA;NA;NA;NA;NA;NA;NA;NA;NA;NA;NA;NA;NA;NA;NA;grey;
17471;Camp_herc/lign;Camp_herc;public;NA;oui;NA;NA;Vaulion;NA;517446;171265;1319;NA;NA;NA;NA;NA;Tanja Schwander;Camp;Camp_herc/lign;2019;;; zone échantillonnée par différents étudiants du cours bioindication;NA;NA;NA;NA;NA;NA;NA;NA;NA;NA;NA;NA;NA;NA;NA;NA;NA;NA;NA;NA;NA;NA;NA;NA;NA;NA;NA;NA;NA;NA;NA;NA;NA;NA;NA;NA;grey;
