CATALOGUENUMBER;SPECIESSUMMARY;SPECIESID_GENETIC;SAMPLING;TypeOfSample;NESTCOLLECTION;BDM;PLOT;COMMUNEEXTRACT;NUMBERWORKERS;X;Y;ALTITUDE;HABITAT;NUMBERQUEENS;NUMBERMALES;NUMBERLARVAE;NUMBERCOCOONS;IDENTIFIER;GENUSID;SPECIESID;DATEIDENTIFICATION;CONFIRMEDID;SPECIESIDFINAL;COMMENTS;slope25;topo;south;gt_ch_100;LU18_46cl;LC18_27cl;SampleDate;SoilTemp;SoilTempAnomaly;TypeOfOpen;mixedForest;Grass;Forb;Shrub;Bare;Litter;Moss;bio1_tmean_8110;bio2_dr_8110;bio1_tmean_8110_8111;bio2_dr_8110_8111;bio5_tmaxw_8110;bio6_tminc_8110;bio7_tar_8110;bio8_twetq_8110;bio9_tdryq_8110;bio10_twarmq_8110;bio11_tcoldq_8110;bio12_p_8110;bio13_pwet_8110;bio14_pdry_8110;bio15_ps_8110;bio16_pwetq_8110;bio17_pdryq_8110;bio18_pwarmq_8110;bio19_pcoldq_8110
19986C;Temn;Temn_lute_parv;public;NA;non;NA;NA;Trélex;NA;503279;142316;618;NA;1;NA;NA;NA;Anne Freitag;Temn;;2019;;NA;reine désailée;NA;NA;NA;NA;NA;NA;NA;NA;NA;NA;NA;NA;NA;NA;NA;NA;NA;NA;NA;NA;NA;NA;NA;NA;NA;NA;NA;NA;NA;NA;NA;NA;NA;NA;NA;NA
18367B;Temn;Temn_affi;public;NA;non;NA;NA;Blonay;1;558603;148474;916;NA;NA;NA;NA;NA;Anne Freitag;Temn;;2019;;;NA;NA;NA;NA;NA;NA;NA;NA;NA;NA;NA;NA;NA;NA;NA;NA;NA;NA;NA;NA;NA;NA;NA;NA;NA;NA;NA;NA;NA;NA;NA;NA;NA;NA;NA;NA;NA
3299B;Temn;Temn_affi;public;NA;non;NA;NA;Yvonand;NA;546585;183753;433;NA;1;NA;NA;NA;Anne Freitag;Temn;;2019;;;reine désailée;NA;NA;NA;NA;NA;NA;NA;NA;NA;NA;NA;NA;NA;NA;NA;NA;NA;NA;NA;NA;NA;NA;NA;NA;NA;NA;NA;NA;NA;NA;NA;NA;NA;NA;NA;NA
16013;Temn;Temn_affi;public;NA;oui;NA;NA;Juriens;1;524649;171544;753;NA;NA;NA;NA;NA;Anne Freitag;Temn;;2019;;;NA;NA;NA;NA;NA;NA;NA;NA;NA;NA;NA;NA;NA;NA;NA;NA;NA;NA;NA;NA;NA;NA;NA;NA;NA;NA;NA;NA;NA;NA;NA;NA;NA;NA;NA;NA;NA
16146C;Temn;Temn_affi;public;NA;non;NA;NA;Bière;1;514560;155741;773;NA;NA;NA;NA;NA;Anne Freitag;Temn;;2019;;;NA;NA;NA;NA;NA;NA;NA;NA;NA;NA;NA;NA;NA;NA;NA;NA;NA;NA;NA;NA;NA;NA;NA;NA;NA;NA;NA;NA;NA;NA;NA;NA;NA;NA;NA;NA;NA
18973E;Temn;Temn_affi;public;NA;non;NA;NA;Signy-Avenex;2;505766;138325;437;NA;NA;NA;NA;NA;Anne Freitag;Temn;;2019;;;NA;NA;NA;NA;NA;NA;NA;NA;NA;NA;NA;NA;NA;NA;NA;NA;NA;NA;NA;NA;NA;NA;NA;NA;NA;NA;NA;NA;NA;NA;NA;NA;NA;NA;NA;NA;NA
16076;Temn;Temn_affi;public;NA;oui;NA;NA;Lucens;9;554382;173670;521;NA;NA;NA;NA;NA;Anne Freitag;Temn;;2019;;;NA;NA;NA;NA;NA;NA;NA;NA;NA;NA;NA;NA;NA;NA;NA;NA;NA;NA;NA;NA;NA;NA;NA;NA;NA;NA;NA;NA;NA;NA;NA;NA;NA;NA;NA;NA;NA
4195;Temn;Temn_affi;public;NA;non;NA;NA;Givrins;1;503958;143209;631;NA;NA;NA;NA;NA;Anne Freitag;Temn;;2019;;;NA;NA;NA;NA;NA;NA;NA;NA;NA;NA;NA;NA;NA;NA;NA;NA;NA;NA;NA;NA;NA;NA;NA;NA;NA;NA;NA;NA;NA;NA;NA;NA;NA;NA;NA;NA;NA
4224;Temn;Temn_unif;public;NA;non;NA;NA;Lausanne;1;537377;151705;418;NA;NA;NA;NA;NA;Anne Freitag;Temn;;2019;;;NA;NA;NA;NA;NA;NA;NA;NA;NA;NA;NA;NA;NA;NA;NA;NA;NA;NA;NA;NA;NA;NA;NA;NA;NA;NA;NA;NA;NA;NA;NA;NA;NA;NA;NA;NA;NA
1738;Temn;Temn_unif;public;NA;non;NA;NA;Agiez;2;529377;175388;470;NA;NA;NA;NA;NA;Anne Freitag;Temn;;2019;;;sans doute 2 espèces différentes !;NA;NA;NA;NA;NA;NA;NA;NA;NA;NA;NA;NA;NA;NA;NA;NA;NA;NA;NA;NA;NA;NA;NA;NA;NA;NA;NA;NA;NA;NA;NA;NA;NA;NA;NA;NA
9902B;Temn;Temn_unif;public;NA;oui;NA;NA;Crissier;1;534076;155920;459;NA;NA;NA;NA;NA;Anne Freitag;Temn;;2019;;;NA;NA;NA;NA;NA;NA;NA;NA;NA;NA;NA;NA;NA;NA;NA;NA;NA;NA;NA;NA;NA;NA;NA;NA;NA;NA;NA;NA;NA;NA;NA;NA;NA;NA;NA;NA;NA
4070;Temn;Temn_unif;public;NA;non;NA;NA;Lausanne;1;537377;151705;418;NA;NA;NA;NA;NA;Gaël Pétremand;Temn;;2019;;;NA;NA;NA;NA;NA;NA;NA;NA;NA;NA;NA;NA;NA;NA;NA;NA;NA;NA;NA;NA;NA;NA;NA;NA;NA;NA;NA;NA;NA;NA;NA;NA;NA;NA;NA;NA;NA
4130;Temn;Temn_unif;public;NA;non;NA;NA;Lausanne;1;537377;151705;418;NA;NA;NA;NA;NA;Anne Freitag;Temn;;2019;;;NA;NA;NA;NA;NA;NA;NA;NA;NA;NA;NA;NA;NA;NA;NA;NA;NA;NA;NA;NA;NA;NA;NA;NA;NA;NA;NA;NA;NA;NA;NA;NA;NA;NA;NA;NA;NA
14700;Temn;Temn_nyla;public;NA;non;NA;NA;Valbroye;3;556946;179779;556;NA;NA;NA;NA;NA;Anne Freitag;Temn;;2019;;NA;NA;NA;NA;NA;NA;NA;NA;NA;NA;NA;NA;NA;NA;NA;NA;NA;NA;NA;NA;NA;NA;NA;NA;NA;NA;NA;NA;NA;NA;NA;NA;NA;NA;NA;NA;NA;NA
17323;Temn;Temn_nyla;public;NA;oui;NA;NA;Ecublens (VD);5;534006;152793;405;NA;NA;NA;NA;5;Tanja Schwander;Temn;;2019;;; zone échantillonnée par différents étudiants du cours bioindication, 1 épinglé;NA;NA;NA;NA;NA;NA;NA;NA;NA;NA;NA;NA;NA;NA;NA;NA;NA;NA;NA;NA;NA;NA;NA;NA;NA;NA;NA;NA;NA;NA;NA;NA;NA;NA;NA;NA
16098;Temn;Temn_nyla;public;NA;oui;NA;NA;Bière;NA;514574;155751;773;NA;NA;NA;NA;NA;Anne Freitag;Temn;;2019;;;NA;NA;NA;NA;NA;NA;NA;NA;NA;NA;NA;NA;NA;NA;NA;NA;NA;NA;NA;NA;NA;NA;NA;NA;NA;NA;NA;NA;NA;NA;NA;NA;NA;NA;NA;NA;NA
8585;Temn;Temn_nyla;public;NA;oui;NA;NA;Chevroux;2;560027;193955;433;NA;NA;NA;NA;NA;Anne Freitag;Temn;;2019;;;NA;NA;NA;NA;NA;NA;NA;NA;NA;NA;NA;NA;NA;NA;NA;NA;NA;NA;NA;NA;NA;NA;NA;NA;NA;NA;NA;NA;NA;NA;NA;NA;NA;NA;NA;NA;NA
2997;Temn;Temn_nyla;public;NA;oui;NA;NA;Ollon;7;562637;126948;387;NA;NA;NA;NA;NA;Anne Freitag;Temn;;2019;;NA;NA;NA;NA;NA;NA;NA;NA;NA;NA;NA;NA;NA;NA;NA;NA;NA;NA;NA;NA;NA;NA;NA;NA;NA;NA;NA;NA;NA;NA;NA;NA;NA;NA;NA;NA;NA;NA
20497;Temn;Temn_nyla;public;NA;non;NA;NA;Lonay;2;529518;152966;395;NA;1;NA;NA;NA;Anne Freitag;Temn;;2019;;;reine désailée;NA;NA;NA;NA;NA;NA;NA;NA;NA;NA;NA;NA;NA;NA;NA;NA;NA;NA;NA;NA;NA;NA;NA;NA;NA;NA;NA;NA;NA;NA;NA;NA;NA;NA;NA;NA
17495;Temn;Temn_nyla;public;NA;oui;NA;NA;Ecublens (VD);NA;534006;152793;405;NA;NA;NA;NA;NA;Tanja Schwander;Temn;;2019;;; zone échantillonnée par différents étudiants du cours bioindication;NA;NA;NA;NA;NA;NA;NA;NA;NA;NA;NA;NA;NA;NA;NA;NA;NA;NA;NA;NA;NA;NA;NA;NA;NA;NA;NA;NA;NA;NA;NA;NA;NA;NA;NA;NA
20716;Temn;Temn_nyla;public;NA;oui;NA;NA;Vully-les-Lacs;NA;569507;198592;538;NA;NA;NA;NA;NA;Anne Freitag;Temn;;2019;;;NA;NA;NA;NA;NA;NA;NA;NA;NA;NA;NA;NA;NA;NA;NA;NA;NA;NA;NA;NA;NA;NA;NA;NA;NA;NA;NA;NA;NA;NA;NA;NA;NA;NA;NA;NA;NA
17214;Temn;Temn_nyla;public;NA;oui;NA;NA;Ecublens (VD);3;534006;152793;405;NA;NA;NA;NA;NA;Tanja Schwander;Temn;;2019;;; zone échantillonnée par différents étudiants du cours bioindication, 1 épinglé;NA;NA;NA;NA;NA;NA;NA;NA;NA;NA;NA;NA;NA;NA;NA;NA;NA;NA;NA;NA;NA;NA;NA;NA;NA;NA;NA;NA;NA;NA;NA;NA;NA;NA;NA;NA
16287;Temn;Temn_nyla;public;NA;non;NA;NA;Ollon;1;562682;126968;387;NA;NA;NA;NA;NA;Anne Freitag;Temn;;2019;;;NA;NA;NA;NA;NA;NA;NA;NA;NA;NA;NA;NA;NA;NA;NA;NA;NA;NA;NA;NA;NA;NA;NA;NA;NA;NA;NA;NA;NA;NA;NA;NA;NA;NA;NA;NA;NA
10563;Temn;Temn_nyla;public;NA;non;NA;NA;Lausanne;1;538865;154458;635;NA;NA;NA;NA;NA;Anne Freitag;Temn;;2019;;;NA;NA;NA;NA;NA;NA;NA;NA;NA;NA;NA;NA;NA;NA;NA;NA;NA;NA;NA;NA;NA;NA;NA;NA;NA;NA;NA;NA;NA;NA;NA;NA;NA;NA;NA;NA;NA
17309;Temn;Temn_nyla;public;NA;oui;NA;NA;Ecublens (VD);5;534006;152793;405;NA;NA;NA;NA;10;Tanja Schwander;Temn;;2019;;; zone échantillonnée par différents étudiants du cours bioindication, 1 épinglé;NA;NA;NA;NA;NA;NA;NA;NA;NA;NA;NA;NA;NA;NA;NA;NA;NA;NA;NA;NA;NA;NA;NA;NA;NA;NA;NA;NA;NA;NA;NA;NA;NA;NA;NA;NA
17353;Temn;Temn_nyla;public;NA;oui;NA;NA;Ecublens (VD);3;534006;152793;405;NA;NA;NA;NA;NA;Tanja Schwander;Temn;;2019;;; zone échantillonnée par différents étudiants du cours bioindication, 1 épinglé;NA;NA;NA;NA;NA;NA;NA;NA;NA;NA;NA;NA;NA;NA;NA;NA;NA;NA;NA;NA;NA;NA;NA;NA;NA;NA;NA;NA;NA;NA;NA;NA;NA;NA;NA;NA
11770C;Temn;Temn_nyla;public;NA;oui;NA;NA;Lausanne;1;537705;153481;560;ZoneConstruite;NA;NA;NA;NA;Anne Freitag;Temn;;2019;;;NA;NA;NA;NA;NA;NA;NA;NA;NA;NA;NA;NA;NA;NA;NA;NA;NA;NA;NA;NA;NA;NA;NA;NA;NA;NA;NA;NA;NA;NA;NA;NA;NA;NA;NA;NA;NA
16431;Temn;Temn_nyla;public;NA;non;NA;NA;Ollon;1;563053;127020;387;NA;1;NA;NA;NA;Anne Freitag;Temn;;2019;;;reine désailée;NA;NA;NA;NA;NA;NA;NA;NA;NA;NA;NA;NA;NA;NA;NA;NA;NA;NA;NA;NA;NA;NA;NA;NA;NA;NA;NA;NA;NA;NA;NA;NA;NA;NA;NA;NA
5719;Temn_affi;Temn_affi;public;NA;oui;NA;NA;Ferreyres;13;526316;168814;620;ForetMixe;NA;NA;NA;NA;Sebastian Salata;Temn;Temn_affi;2019;oui;Temn_affi;NA;NA;NA;NA;NA;NA;NA;NA;NA;NA;NA;NA;NA;NA;NA;NA;NA;NA;NA;NA;NA;NA;NA;NA;NA;NA;NA;NA;NA;NA;NA;NA;NA;NA;NA;NA;NA
9991527;Temn_affi;Temn_affi;scientific;soil;NA;527158;270501;NA;9;527670.6949;158828.1397;503.7;ForetFeuillus;NA;1;NA;NA;Salata;Temnothorax;Temn_affi;2019;NA;NA;NA;NA;NA;NA;NA;NA;NA;NA;NA;NA;NA;NA;0;0.1;3;1;5;0.1;1045;723;2858;67073;2468;-62;2530;1701;603;1883;365;97411;9650;6387;1354;26629;19924;25769;22768
341;Temn_affi;Temn_affi;public;NA;non;NA;NA;Ecublens (VD);5;532427;151947;406;ZoneConstruite;NA;NA;NA;NA;Sebastian Salata;Temn;Temn_affi;2019;oui;Temn_affi;NA;NA;NA;NA;NA;NA;NA;NA;NA;NA;NA;NA;NA;NA;NA;NA;NA;NA;NA;NA;NA;NA;NA;NA;NA;NA;NA;NA;NA;NA;NA;NA;NA;NA;NA;NA;NA
5663;Temn_affi;Temn_affi;public;NA;oui;NA;NA;Ferreyres;10;526316;168814;620;ForetMixe;1;NA;NA;NA;Sebastian Salata;Temn;Temn_affi;2019;oui;Temn_affi;NA;NA;NA;NA;NA;NA;NA;NA;NA;NA;NA;NA;NA;NA;NA;NA;NA;NA;NA;NA;NA;NA;NA;NA;NA;NA;NA;NA;NA;NA;NA;NA;NA;NA;NA;NA;NA
5771;Temn_affi;Temn_affi;public;NA;oui;NA;NA;Ferreyres;6;526316;168814;620;ForetMixe;1;NA;NA;NA;Sebastian Salata;Temn;Temn_affi;2019;oui;Temn_affi;NA;NA;NA;NA;NA;NA;NA;NA;NA;NA;NA;NA;NA;NA;NA;NA;NA;NA;NA;NA;NA;NA;NA;NA;NA;NA;NA;NA;NA;NA;NA;NA;NA;NA;NA;NA;NA
18956;Temn_affi;Temn_affi;public;NA;oui;NA;NA;Onnens (VD);9;542490;188381;476;Autre;1;NA;NA;NA;Sebastian Salata;Temn;Temn_affi;2020;oui;Temn_affi;NA;NA;NA;NA;NA;NA;NA;NA;NA;NA;NA;NA;NA;NA;NA;NA;NA;NA;NA;NA;NA;NA;NA;NA;NA;NA;NA;NA;NA;NA;NA;NA;NA;NA;NA;NA;NA
5656;Temn_affi;Temn_affi;public;NA;oui;NA;NA;Ferreyres;6;526316;168814;620;ForetMixe;NA;NA;NA;NA;Sebastian Salata;Temn;Temn_affi;2019;oui;Temn_affi;NA;NA;NA;NA;NA;NA;NA;NA;NA;NA;NA;NA;NA;NA;NA;NA;NA;NA;NA;NA;NA;NA;NA;NA;NA;NA;NA;NA;NA;NA;NA;NA;NA;NA;NA;NA;NA
2235;Temn_affi;Temn_affi;public;NA;oui;NA;NA;Echandens;10;531223;155526;395;ForetMixe;NA;NA;NA;NA;Sebastian Salata;Temn;Temn_affi;2019;oui;Temn_affi;NA;NA;NA;NA;NA;NA;NA;NA;NA;NA;NA;NA;NA;NA;NA;NA;NA;NA;NA;NA;NA;NA;NA;NA;NA;NA;NA;NA;NA;NA;NA;NA;NA;NA;NA;NA;NA
5678;Temn_affi;Temn_affi;public;NA;oui;NA;NA;Ferreyres;12;526316;168814;620;ForetMixe;NA;NA;NA;NA;Sebastian Salata;Temn;Temn_affi;2019;oui;Temn_affi;NA;NA;NA;NA;NA;NA;NA;NA;NA;NA;NA;NA;NA;NA;NA;NA;NA;NA;NA;NA;NA;NA;NA;NA;NA;NA;NA;NA;NA;NA;NA;NA;NA;NA;NA;NA;NA
12068C;Temn_affi;Temn_affi;public;NA;non;NA;NA;Saint-Sulpice (VD);4;531511;151155;372;lisiere;NA;NA;NA;NA;Sebastian Salata;Temn;Temn_affi;2019;oui;Temn_affi;NA;NA;NA;NA;NA;NA;NA;NA;NA;NA;NA;NA;NA;NA;NA;NA;NA;NA;NA;NA;NA;NA;NA;NA;NA;NA;NA;NA;NA;NA;NA;NA;NA;NA;NA;NA;NA
5702;Temn_affi;Temn_affi;public;NA;oui;NA;NA;Ferreyres;14;526316;168814;620;ForetMixe;NA;NA;NA;NA;Sebastian Salata;Temn;Temn_affi;2019;oui;Temn_affi;NA;NA;NA;NA;NA;NA;NA;NA;NA;NA;NA;NA;NA;NA;NA;NA;NA;NA;NA;NA;NA;NA;NA;NA;NA;NA;NA;NA;NA;NA;NA;NA;NA;NA;NA;NA;NA
2048B;Temn_affi;Temn_affi;public;NA;non;NA;NA;Allaman;1;519801;146394;376;zalluviale;NA;NA;NA;NA;Sebastian Salata;Temn;Temn_affi;2019;oui;Temn_affi;NA;NA;NA;NA;NA;NA;NA;NA;NA;NA;NA;NA;NA;NA;NA;NA;NA;NA;NA;NA;NA;NA;NA;NA;NA;NA;NA;NA;NA;NA;NA;NA;NA;NA;NA;NA;NA
5601;Temn_affi;Temn_affi;public;NA;oui;NA;NA;Ferreyres;21;526316;168814;620;ForetMixe;NA;NA;NA;NA;Sebastian Salata;Temn;Temn_affi;2019;oui;Temn_affi;NA;NA;NA;NA;NA;NA;NA;NA;NA;NA;NA;NA;NA;NA;NA;NA;NA;NA;NA;NA;NA;NA;NA;NA;NA;NA;NA;NA;NA;NA;NA;NA;NA;NA;NA;NA;NA
12009;Temn_affi;Temn_affi;public;NA;non;NA;NA;Essertines-sur-Yverdon;2;539935;172894;673;ForetFeuillus;NA;NA;NA;NA;Sebastian Salata;Temn;Temn_affi;2019;oui;Temn_affi;NA;NA;NA;NA;NA;NA;NA;NA;NA;NA;NA;NA;NA;NA;NA;NA;NA;NA;NA;NA;NA;NA;NA;NA;NA;NA;NA;NA;NA;NA;NA;NA;NA;NA;NA;NA;NA
5779;Temn_affi;Temn_affi;public;NA;oui;NA;NA;Ferreyres;8;526316;168814;620;ForetMixe;NA;NA;NA;NA;Sebastian Salata;Temn;Temn_affi;2019;oui;Temn_affi;NA;NA;NA;NA;NA;NA;NA;NA;NA;NA;NA;NA;NA;NA;NA;NA;NA;NA;NA;NA;NA;NA;NA;NA;NA;NA;NA;NA;NA;NA;NA;NA;NA;NA;NA;NA;NA
15037F;Temn_affi;Temn_nyla;public;NA;non;NA;NA;Signy-Avenex;3;505766;138325;437;Autre;NA;NA;NA;NA;Sebastian Salata;Temn;Temn_affi;2020;oui;Temn_affi;NA;NA;NA;NA;NA;NA;NA;NA;NA;NA;NA;NA;NA;NA;NA;NA;NA;NA;NA;NA;NA;NA;NA;NA;NA;NA;NA;NA;NA;NA;NA;NA;NA;NA;NA;NA;NA
16950B;Temn_inte;Temn_inte;public;NA;NA;NA;NA;Tévenon;6;539336;190208;1160;ForetFeuillus;NA;NA;NA;NA;Sebastian Salata;Temn;Temn_inte;2019;oui;Temn_inte;NA;NA;NA;NA;NA;NA;NA;NA;NA;NA;NA;NA;NA;NA;NA;NA;NA;NA;NA;NA;NA;NA;NA;NA;NA;NA;NA;NA;NA;NA;NA;NA;NA;NA;NA;NA;NA
12596B;Temn_inte;Temn_inte;public;NA;non;NA;NA;Roche (VD);1;561191;134585;427;transport;NA;NA;NA;NA;Sebastian Salata;Temn;Temn_inte;2019;oui;Temn_inte;NA;NA;NA;NA;NA;NA;NA;NA;NA;NA;NA;NA;NA;NA;NA;NA;NA;NA;NA;NA;NA;NA;NA;NA;NA;NA;NA;NA;NA;NA;NA;NA;NA;NA;NA;NA;NA
5720;Temn_inte;Temn_inte;public;NA;oui;NA;NA;Ferreyres;11;526316;168814;620;ForetMixe;NA;NA;NA;NA;Sebastian Salata;Temn;Temn_inte;2019;oui;Temn_inte;NA;NA;NA;NA;NA;NA;NA;NA;NA;NA;NA;NA;NA;NA;NA;NA;NA;NA;NA;NA;NA;NA;NA;NA;NA;NA;NA;NA;NA;NA;NA;NA;NA;NA;NA;NA;NA
5712B;Temn_lute;Temn_lute_parv;public;NA;oui;NA;NA;Ferreyres;4;526316;168814;620;ForetMixe;NA;NA;NA;NA;Sebastian Salata;Temn;Temn_lute;2019;oui;Temn_lute;NA;NA;NA;NA;NA;NA;NA;NA;NA;NA;NA;NA;NA;NA;NA;NA;NA;NA;NA;NA;NA;NA;NA;NA;NA;NA;NA;NA;NA;NA;NA;NA;NA;NA;NA;NA;NA
17417;Temn_nigr;Temn_nigr;public;NA;NA;NA;NA;Saubraz;6;514016;152525;724;lisiere;NA;NA;NA;NA;Claude Lebas;Temn;Temn_nigr;2019;oui;Temn_nigr;Collected by Lebas, within 500m of GPS;NA;NA;NA;NA;NA;NA;NA;NA;NA;NA;NA;NA;NA;NA;NA;NA;NA;NA;NA;NA;NA;NA;NA;NA;NA;NA;NA;NA;NA;NA;NA;NA;NA;NA;NA;NA
10474;Temn_nigr;Temn_nigr;public;NA;non;NA;NA;La Rippe;1;497423;142345;1449;PrairieSeche;NA;NA;NA;NA;Sebastian Salata;Temn;Temn_nigr;2019;oui;Temn_nigr;NA;NA;NA;NA;NA;NA;NA;NA;NA;NA;NA;NA;NA;NA;NA;NA;NA;NA;NA;NA;NA;NA;NA;NA;NA;NA;NA;NA;NA;NA;NA;NA;NA;NA;NA;NA;NA
9993310;Temn_nyla;Temn_nyla;scientific;soil;NA;545190;190602;NA;3;545063.2242;190423.8232;690.5;ForetMixe;NA;NA;NA;NA;Salata;Temnothorax;Temn_nyla;2019;NA;NA;NA;NA;NA;NA;NA;NA;NA;NA;NA;NA;NA;NA;1;0;3;3;2;2;742;813;3185;64320;2145;-408;2553;392;295;1543;93;124179;11989;8817;816;33524;27560;31193;30732
9990409;Temn_nyla;Temn_nyla;scientific;soil;NA;503142;380603;NA;18;503611.0056;141905.1111;589.9;ForetMixe;1;NA;NA;NA;Salata;Temnothorax;Temn_nyla;2019;NA;NA;NA;NA;NA;NA;NA;NA;NA;NA;NA;NA;NA;NA;2;4;0;4;5;3;886;798;3107;65854;2340;-228;2568;512;442;1711;223;118892;12369;8039;1343;35208;26480;26656;32610
9991679;Temn_nyla;Temn_nyla;scientific;soil;NA;539174;250601;NA;5;539621.79;174189.8838;638;ForetMixe;NA;NA;NA;NA;Salata;Temnothorax;Temn_nyla;2019;NA;NA;NA;NA;NA;NA;NA;NA;NA;NA;NA;NA;NA;NA;0;1;4;2;5;1;929;810;3100;66984;2390;-221;2611;1585;495;1762;246;102206;9768;6218;1436;28544;20703;28319;22925
9990737;Temn_nyla;Temn_nyla;scientific;soil;NA;503142;380505;NA;12;503057.5282;142776.2295;678.4;ForetFeuillus;NA;NA;NA;NA;Salata;Temnothorax;Temn_nyla;2019;NA;NA;NA;NA;NA;NA;NA;NA;NA;NA;NA;NA;NA;NA;0.1;1;3;2;4;3;805;775;3093;64563;2217;-289;2506;448;1614;1614;158;130476;13541;8990;1296;38458;29253;29253;33808
9992328;Temn_nyla;Temn_nyla;scientific;soil;NA;521174;290604;NA;10;521910.5248;174730.736;661.9;ForetMixe;NA;NA;NA;NA;Salata;Temnothorax;Temn_nyla;2019;NA;NA;NA;NA;NA;NA;NA;NA;NA;NA;NA;NA;NA;NA;0;0.1;2;3;4;3;772;805;3105;65662;2178;-415;2593;412;1532;1585;111;148574;15017;10654;1004;41519;33368;34285;39938
9990868;Temn_nyla;Temn_nyla;scientific;soil;NA;539174;250901;NA;4;538976.7349;173894.0795;612;lisiere;NA;NA;NA;NA;Salata;Temnothorax;Temn_nyla;2019;NA;NA;NA;NA;NA;NA;NA;NA;NA;NA;NA;NA;NA;NA;0;1;2;3;3;0.1;935;805;3086;67035;2395;-213;2608;1592;501;1769;252;101888;9741;6201;1439;28470;20624;28249;22853
9990239;Temn_nyla;Temn_nyla;scientific;soil;NA;521174;290604;NA;7;521912.4709;174731.213;661.9;ForetMixe;NA;NA;NA;NA;TS;Temnothorax;Temn_nyla;2019;oui (Salata);NA;NA;NA;NA;NA;NA;NA;NA;NA;NA;NA;NA;NA;0;0.1;2;3;4;3;773;804;3105;65669;2179;-412;2591;413;1533;1587;113;148346;14990;10638;1004;41459;33327;34238;39875
9990047;Temn_nyla;Temn_nyla;scientific;soil;NA;545190;190505;NA;8;545852.5829;190327.0701;595.2;ForetFeuillus;NA;NA;NA;NA;TS;Temnothorax;Temn_nyla;2019;oui (Salata);NA;NA;NA;NA;NA;NA;NA;NA;NA;NA;NA;NA;NA;1;2;2;2;5;2;801;822;3171;65526;2233;-360;2593;434;360;1616;139;118188;11289;8402;829;31798;26004;29958;29772
16846;Temn_nyla;Temn_nyla;public;NA;NA;NA;NA;Mont-la-Ville;20;521931;166111;741;ForetFeuillus;NA;NA;NA;5;Tanja Schwander;Temn;Temn_nyla;2019;oui;Temn_nyla;NA;NA;NA;NA;NA;NA;NA;NA;NA;NA;NA;NA;NA;NA;NA;NA;NA;NA;NA;NA;NA;NA;NA;NA;NA;NA;NA;NA;NA;NA;NA;NA;NA;NA;NA;NA;NA
9992334;Temn_nyla;Temn_nyla;scientific;soil;NA;545190;190509;NA;4;545411.004;190240.0673;611.5;ForetFeuillus;NA;2;NA;NA;Salata;Temnothorax;Temn_nyla;2019;NA;NA;NA;NA;NA;NA;NA;NA;NA;NA;NA;NA;NA;NA;0;0;3;3;3;2;797;820;3174;65313;2225;-360;2585;432;355;1609;137;120671;11582;8568;824;32535;26633;30467;30581
9990214;Temn_nyla;Temn_nyla;scientific;soil;NA;539158;130602;NA;4;539486.7806;158477.5006;772.9;ForetMixe;NA;NA;NA;NA;Salata;Temnothorax;Temn_nyla;2019;NA;NA;NA;NA;NA;NA;NA;NA;NA;NA;NA;NA;NA;NA;1;4;3;0;4;1;963;728;2915;66067;2366;-130;2496;1605;513;1789;296;125241;12339;7287;1525;34688;25404;34127;27761
9991488;Temn_nyla;Temn_nyla;scientific;soil;NA;503142;380403;NA;7;503421.419;142338.3695;622.1;ForetConifere;NA;NA;NA;NA;Salata;Temnothorax;Temn_nyla;2019;NA;NA;NA;NA;NA;NA;NA;NA;NA;NA;NA;NA;NA;NA;1;0.1;3;2;4;2;847;788;3101;65255;2282;-258;2540;481;399;1665;192;122171;12712;8311;1329;36139;27264;27387;33506
9992502;Temn_nyla;Temn_nyla;scientific;soil;NA;545190;190504;NA;10;545806.02;190377.0791;612.8;ForetFeuillus;NA;1;NA;NA;Salata;Temnothorax;Temn_nyla;2019;NA;NA;NA;NA;NA;NA;NA;NA;NA;NA;NA;NA;NA;NA;1;1;3;1;4;2;789;820;3173;65287;2215;-370;2585;425;346;1601;130;118436;11319;8416;830;31880;26062;30006;29858
9992138;Temn_nyla;Temn_nyla;scientific;soil;NA;563190;160501;NA;11;563731.4322;189900.745;440.6;ForetFeuillus;NA;NA;NA;NA;Salata;Temnothorax;Temn_nyla;2019;NA;NA;NA;NA;NA;NA;NA;NA;NA;NA;NA;NA;NA;NA;2;0.1;4;3;0.1;0;990;869;3183;69311;2533;-197;2730;1852;560;1852;276;95191;9597;5445;1766;27822;19367;27822;20069
9991199;Temn_nyla;Temn_nyla;scientific;soil;NA;569198;170901;NA;16;569170.9526;197939.4889;551;lisiere;NA;NA;NA;NA;Salata;Temnothorax;Temn_nyla;2019;NA;NA;NA;NA;NA;NA;NA;NA;NA;NA;NA;NA;NA;NA;2;1;3;2;2;1;990;786;2981;68802;2474;-162;2636;1846;558;1846;285;101533;10510;5940;1676;29652;20853;29652;21915
9993306;Temn_nyla;Temn_nyla;scientific;soil;NA;557150;100903;NA;5;557276.9763;150075.152;710.5;lisiere;2;NA;NA;NA;Salata;Temnothorax;Temn_nyla;2019;NA;NA;NA;NA;NA;NA;NA;NA;NA;NA;NA;NA;NA;NA;1;1;3;2;4;1;941;785;3082;65663;2355;-193;2548;1580;497;1760;279;151507;14956;9674;1325;43077;32729;42953;33480
9991169;Temn_nyla;Temn_nyla;scientific;soil;NA;503142;380403;NA;14;503420.7198;142344.0355;622.1;ForetConifere;NA;NA;NA;NA;Salata;Temnothorax;Temn_nyla;2019;NA;NA;NA;NA;NA;NA;NA;NA;NA;NA;NA;NA;NA;NA;1;0.1;3;2;4;2;847;788;3101;65255;2282;-258;2540;481;399;1665;192;122171;12712;8311;1329;36139;27264;27387;33506
9991730;Temn_nyla;Temn_nyla;scientific;soil;NA;569198;170402;NA;11;569046.4844;198478.7994;557.5;ForetConifere;NA;NA;NA;NA;Salata;Temnothorax;Temn_nyla;2019;NA;NA;NA;NA;NA;NA;NA;NA;NA;NA;NA;NA;NA;NA;0;2;4;2;3;2;993;783;2972;68807;2476;-159;2635;1849;561;1849;288;100399;10286;5918;1649;29198;20515;29198;21830
9991128;Temn_nyla;Temn_nyla;scientific;soil;NA;545190;190501;NA;10;545832.5214;190534.2696;648.2;ForetFeuillus;NA;NA;NA;NA;Salata;Temnothorax;Temn_nyla;2019;NA;NA;NA;NA;NA;NA;NA;NA;NA;NA;NA;NA;NA;NA;2;2;2;3;3;1;751;815;3180;64652;2159;-405;2564;397;306;1555;100;117611;11222;8359;833;31640;25847;29840;28710
7643C;Temn_nyla;Temn_nyla;public;NA;non;NA;NA;Grandson;1;539937;184803;437;ZoneConstruite;NA;NA;NA;NA;Sebastian Salata;Temn;Temn_nyla;2019;oui;Temn_nyla;NA;NA;NA;NA;NA;NA;NA;NA;NA;NA;NA;NA;NA;NA;NA;NA;NA;NA;NA;NA;NA;NA;NA;NA;NA;NA;NA;NA;NA;NA;NA;NA;NA;NA;NA;NA;NA
9991477;Temn_nyla;Temn_nyla;scientific;soil;NA;545150;120601;NA;9;545159.952;150786.038;740;ForetMixe;NA;NA;NA;NA;Salata;Temnothorax;Temn_nyla;2019;NA;NA;NA;NA;NA;NA;NA;NA;NA;NA;NA;NA;NA;NA;0;1;2;2;5;1;957;732;2935;65867;2359;-136;2495;1597;508;1780;294;123056;12094;7352;1597;34105;25210;33985;26935
9990321;Temn_nyla;Temn_nyla;scientific;soil;NA;545190;190510;NA;7;545168.2371;190457.5049;694;ForetFeuillus;2;NA;NA;NA;Salata;Temnothorax;Temn_nyla;2019;NA;NA;NA;NA;NA;NA;NA;NA;NA;NA;NA;NA;NA;NA;0;0;3;2;4;1;737;812;3185;64251;2137;-413;2550;388;290;1537;88;122842;11835;8723;818;33145;27211;30915;30323
9991125;Temn_nyla;Temn_nyla;scientific;soil;NA;527158;270501;NA;8;527670.852;158828.2304;503.7;ForetFeuillus;NA;NA;NA;NA;Salata;Temnothorax;Temn_nyla;2019;NA;NA;NA;NA;NA;NA;NA;NA;NA;NA;NA;NA;NA;NA;0;0.1;3;1;5;0.1;1045;723;2858;67073;2468;-62;2530;1701;603;1883;365;97411;9650;6387;1354;26629;19924;25769;22768
9991110;Temn_nyla;Temn_nyla;scientific;soil;NA;545182;180901;NA;7;545054.1849;182418.2802;474.2;lisiere;NA;NA;NA;NA;TS;Temnothorax;Temn_nyla;2019;NA;NA;NA;NA;NA;NA;NA;NA;NA;NA;NA;NA;NA;NA;0;1;3;2;3;1;980;836;3124;68265;2483;-192;2675;1763;551;1828;279;94583;9166;5564;1647;27062;18683;26922;20623
9991451;Temn_nyla;Temn_nyla;scientific;soil;NA;521174;290604;NA;9;521910.465;174730.7073;661.9;ForetMixe;NA;NA;NA;NA;Salata;Temnothorax;Temn_nyla;2019;NA;NA;NA;NA;NA;NA;NA;NA;NA;NA;NA;NA;NA;NA;0;0.1;2;3;4;3;772;805;3105;65662;2178;-415;2593;412;1532;1585;111;148574;15017;10654;1004;41519;33368;34285;39938
9992327;Temn_nyla;Temn_nyla;scientific;soil;NA;503142;380404;NA;9;503814.0867;142131.2735;598;ForetConifere;1;NA;NA;NA;Salata;Temnothorax;Temn_nyla;2019;NA;NA;NA;NA;NA;NA;NA;NA;NA;NA;NA;NA;NA;NA;0;4;0;3;3;5;876;796;3107;65680;2324;-236;2560;504;430;1698;215;118127;12263;7997;1333;34942;26270;26552;32327
11210;Temn_nyla;Temn_nyla;public;NA;non;NA;NA;Vully-les-Lacs;10;568245;195036;431;Autre;NA;NA;NA;NA;Sebastian Salata;Temn;Temn_nyla;2019;oui;Temn_nyla;NA;NA;NA;NA;NA;NA;NA;NA;NA;NA;NA;NA;NA;NA;NA;NA;NA;NA;NA;NA;NA;NA;NA;NA;NA;NA;NA;NA;NA;NA;NA;NA;NA;NA;NA;NA;NA
9990333;Temn_nyla;Temn_nyla;scientific;soil;NA;545182;180401;NA;8;545177.7344;181914.8882;477.6;ForetConifere;NA;NA;NA;NA;TS;Temnothorax;Temn_nyla;2019;NA;NA;NA;NA;NA;NA;NA;NA;NA;NA;NA;NA;NA;NA;1;2;3;3;3;2;976;836;3126;68221;2479;-195;2674;1759;548;1824;276;94968;9210;5581;1650;27185;18756;27046;20705
9992314;Temn_nyla;Temn_nyla;scientific;soil;NA;545190;190602;NA;9;545062.9169;190424.2944;690.5;ForetMixe;NA;NA;NA;NA;Salata;Temnothorax;Temn_nyla;2019;NA;NA;NA;NA;NA;NA;NA;NA;NA;NA;NA;NA;NA;NA;1;0;3;3;2;2;742;813;3185;64320;2145;-408;2553;392;295;1543;93;124179;11989;8817;816;33524;27560;31193;30732
9990889;Temn_nyla;Temn_nyla;scientific;soil;NA;569198;170501;NA;NA;569607.6011;197987.9503;495.6;ForetFeuillus;NA;NA;NA;NA;Salata;Temnothorax;Temn_nyla;2019;NA;NA;NA;NA;NA;NA;NA;NA;NA;NA;NA;NA;NA;NA;2;2;4;3;3;0.1;1000;796;3004;68947;2492;-158;2650;1858;568;1858;292;101831;10578;5954;1679;29761;20938;29761;21969
9990584;Temn_nyla;Temn_nyla;scientific;soil;NA;509150;330601;NA;9;509916.033;150694.6739;953.7;ForetMixe;NA;NA;NA;NA;Salata;Temnothorax;Temn_nyla;2019;NA;NA;NA;NA;NA;NA;NA;NA;NA;NA;NA;NA;NA;NA;0.1;3;3;2;3;2;720;750;3061;63368;2086;-363;2449;382;262;1515;80;129381;13430;8913;1231;37652;28876;29552;33393
9990799;Temn_nyla;Temn_nyla;scientific;soil;NA;503142;380501;NA;10;503395.7012;142432.5683;633.2;ForetFeuillus;NA;NA;NA;NA;Salata;Temnothorax;Temn_nyla;2019;NA;NA;NA;NA;NA;NA;NA;NA;NA;NA;NA;NA;NA;NA;0.1;0.1;3;3;3;2;836;785;3100;65086;2265;-267;2532;472;387;1651;183;122744;12771;8358;1327;36302;27404;27513;33665
2073;Temn_nyla;Temn_nyla;public;NA;oui;NA;NA;Dizy;11;527589;165623;590;transport;2;1;NA;NA;Sebastian Salata;Temn;Temn_nyla;2019;oui;Temn_nyla;NA;NA;NA;NA;NA;NA;NA;NA;NA;NA;NA;NA;NA;NA;NA;NA;NA;NA;NA;NA;NA;NA;NA;NA;NA;NA;NA;NA;NA;NA;NA;NA;NA;NA;NA;NA;NA
9990804;Temn_nyla;Temn_nyla;scientific;soil;NA;521150;320901;NA;9;521127.3398;149952.5775;491.3;lisiere;NA;NA;NA;NA;Salata;Temnothorax;Temn_nyla;2019;NA;NA;NA;NA;NA;NA;NA;NA;NA;NA;NA;NA;NA;NA;3;2;3;1;3;0.1;1024;764;2963;67267;2479;-98;2577;633;582;1866;343;107301;10451;7578;1052;29170;23305;26815;26516
5640;Temn_nyla;Temn_nyla;public;NA;oui;NA;NA;Ecublens (VD);1;533921;152800;400;ForetFeuillus;NA;NA;NA;NA;Sebastian Salata;Temn;Temn_nyla;2019;oui;Temn_nyla;NA;NA;NA;NA;NA;NA;NA;NA;NA;NA;NA;NA;NA;NA;NA;NA;NA;NA;NA;NA;NA;NA;NA;NA;NA;NA;NA;NA;NA;NA;NA;NA;NA;NA;NA;NA;NA
17054;Temn_nyla;Temn_nyla;public;NA;NA;NA;NA;Mont-la-Ville;7;522000;166066;735;ForetFeuillus;1;0;NA;10;Sebastian Salata;Temn;Temn_nyla;2019;oui;Temn_nyla;NA;NA;NA;NA;NA;NA;NA;NA;NA;NA;NA;NA;NA;NA;NA;NA;NA;NA;NA;NA;NA;NA;NA;NA;NA;NA;NA;NA;NA;NA;NA;NA;NA;NA;NA;NA;NA
9990964;Temn_nyla;Temn_nyla;scientific;soil;NA;557134;60402;NA;12;557825.9943;134738.0863;376.8;ForetConifere;NA;NA;NA;NA;Salata;Temnothorax;Temn_nyla;2019;NA;NA;NA;NA;NA;NA;NA;NA;NA;NA;NA;NA;NA;NA;0;1;4;1;3;2;1034;850;3200;66736;2487;-170;2657;1863;610;1863;352;109721;11677;6703;1867;34447;22214;34447;23233
9990578;Temn_nyla;Temn_nyla;scientific;soil;NA;509150;330501;NA;9;509877.5706;150604.9894;954.5;ForetFeuillus;NA;NA;NA;NA;Salata;Temnothorax;Temn_nyla;2019;NA;NA;NA;NA;NA;NA;NA;NA;NA;NA;NA;NA;NA;NA;1;2;4;2;3;1;724;750;3062;63394;2092;-358;2450;386;266;1520;84;127848;13274;8813;1235;37227;28506;29196;32967
2077;Temn_nyla;Temn_nyla;public;NA;oui;NA;NA;Dizy;18;527589;165632;590;transport;NA;NA;NA;NA;Sebastian Salata;Temn;Temn_nyla;2019;oui;Temn_nyla;NA;NA;NA;NA;NA;NA;NA;NA;NA;NA;NA;NA;NA;NA;NA;NA;NA;NA;NA;NA;NA;NA;NA;NA;NA;NA;NA;NA;NA;NA;NA;NA;NA;NA;NA;NA;NA
9990942;Temn_nyla;Temn_nyla;scientific;soil;NA;521166;280501;NA;22;521926.4635;165932.3966;734.8;ForetFeuillus;1;NA;NA;10;Salata;Temnothorax;Temn_nyla;2019;NA;NA;NA;NA;NA;NA;NA;NA;NA;NA;NA;NA;NA;NA;4;2;2;2;5;1;824;770;3041;65260;2225;-307;2532;463;375;1638;168;129834;12980;9451;962;36245;29222;31001;32751
9991073;Temn_nyla;Temn_nyla;scientific;soil;NA;503142;380510;NA;6;503418.1955;142004.7494;599.5;ForetFeuillus;NA;NA;NA;NA;Salata;Temnothorax;Temn_nyla;2019;NA;NA;NA;NA;NA;NA;NA;NA;NA;NA;NA;NA;NA;NA;1;3;1;5;5;2;868;793;3104;65590;2313;-242;2555;498;422;1690;209;120448;12536;8166;1338;35657;26856;26994;33046
9991531;Temn_nyla;Temn_nyla;scientific;soil;NA;503142;380503;NA;14;503088.3575;142694.1146;676.3;ForetFeuillus;NA;NA;NA;NA;Salata;Temnothorax;Temn_nyla;2019;NA;NA;NA;NA;NA;NA;NA;NA;NA;NA;NA;NA;NA;NA;1;0.1;3;2;5;2;804;775;3093;64559;2216;-290;2506;447;1613;1613;157;129058;13408;8872;1304;38075;28918;28918;33459
16103;Temn_nyla;Temn_nyla;public;NA;oui;NA;NA;Ollon;6;562785;127058;386;ForetMixe;NA;NA;NA;NA;Sebastian Salata;Temn;Temn_nyla;2020;oui;Temn_nyla;NA;NA;NA;NA;NA;NA;NA;NA;NA;NA;NA;NA;NA;NA;NA;NA;NA;NA;NA;NA;NA;NA;NA;NA;NA;NA;NA;NA;NA;NA;NA;NA;NA;NA;NA;NA;NA
1985;Temn_nyla;Temn_nyla;public;NA;non;NA;NA;Trélex;1;503563;141694;572;ForetConifere;NA;NA;NA;NA;Sebastian Salata;Temn;Temn_nyla;2019;oui;Temn_nyla;NA;NA;NA;NA;NA;NA;NA;NA;NA;NA;NA;NA;NA;NA;NA;NA;NA;NA;NA;NA;NA;NA;NA;NA;NA;NA;NA;NA;NA;NA;NA;NA;NA;NA;NA;NA;NA
3545;Temn_nyla;Temn_nyla;public;NA;oui;NA;NA;Crissier;14;534424;156342;490;transport;NA;NA;NA;NA;Sebastian Salata;Temn;Temn_nyla;2019;oui;Temn_nyla;NA;NA;NA;NA;NA;NA;NA;NA;NA;NA;NA;NA;NA;NA;NA;NA;NA;NA;NA;NA;NA;NA;NA;NA;NA;NA;NA;NA;NA;NA;NA;NA;NA;NA;NA;NA;NA
5666;Temn_nyla;Temn_nyla;public;NA;oui;NA;NA;Ecublens (VD);7;533886;152630;402;ZoneConstruite;NA;NA;NA;NA;Sebastian Salata;Temn;Temn_nyla;2019;oui;Temn_nyla;NA;NA;NA;NA;NA;NA;NA;NA;NA;NA;NA;NA;NA;NA;NA;NA;NA;NA;NA;NA;NA;NA;NA;NA;NA;NA;NA;NA;NA;NA;NA;NA;NA;NA;NA;NA;NA
1917;Temn_nyla;Temn_nyla;public;NA;non;NA;NA;Ollon;1;565057;128169;630;ForetFeuillus;NA;NA;NA;NA;Sebastian Salata;Temn;Temn_nyla;2019;oui;Temn_nyla;NA;NA;NA;NA;NA;NA;NA;NA;NA;NA;NA;NA;NA;NA;NA;NA;NA;NA;NA;NA;NA;NA;NA;NA;NA;NA;NA;NA;NA;NA;NA;NA;NA;NA;NA;NA;NA
2047;Temn_nyla;Temn_nyla;public;NA;non;NA;NA;Allaman;3;519874;146483;379;zalluviale;NA;NA;NA;NA;Sebastian Salata;Temn;Temn_nyla;2019;oui;Temn_nyla;NA;NA;NA;NA;NA;NA;NA;NA;NA;NA;NA;NA;NA;NA;NA;NA;NA;NA;NA;NA;NA;NA;NA;NA;NA;NA;NA;NA;NA;NA;NA;NA;NA;NA;NA;NA;NA
5621;Temn_nyla;Temn_nyla;public;NA;oui;NA;NA;Ecublens (VD);8;533921;152800;400;ForetFeuillus;1;NA;NA;NA;Sebastian Salata;Temn;Temn_nyla;2019;oui;Temn_nyla;NA;NA;NA;NA;NA;NA;NA;NA;NA;NA;NA;NA;NA;NA;NA;NA;NA;NA;NA;NA;NA;NA;NA;NA;NA;NA;NA;NA;NA;NA;NA;NA;NA;NA;NA;NA;NA
9992688;Temn_nyla;Temn_nyla;scientific;soil;NA;503142;380403;NA;6;503417.5029;142339.7231;622.1;ForetConifere;NA;NA;NA;NA;Salata;Temnothorax;Temn_nyla;2019;NA;NA;NA;NA;NA;NA;NA;NA;NA;NA;NA;NA;NA;NA;1;0.1;3;2;4;2;847;788;3101;65255;2282;-258;2540;481;399;1665;192;122171;12712;8311;1329;36139;27264;27387;33506
5629;Temn_nyla;Temn_nyla;public;NA;oui;NA;NA;Ferreyres;12;526316;168814;620;ForetMixe;1;NA;NA;NA;Sebastian Salata;Temn;Temn_nyla;2019;oui;Temn_nyla;NA;NA;NA;NA;NA;NA;NA;NA;NA;NA;NA;NA;NA;NA;NA;NA;NA;NA;NA;NA;NA;NA;NA;NA;NA;NA;NA;NA;NA;NA;NA;NA;NA;NA;NA;NA;NA
9991270;Temn_nyla;Temn_nyla;scientific;soil;NA;521150;320901;NA;9;521122.2316;149950.5951;493.9;lisiere;NA;NA;NA;NA;Salata;Temnothorax;Temn_nyla;2019;NA;NA;NA;NA;NA;NA;NA;NA;NA;NA;NA;NA;NA;NA;3;2;3;1;3;0.1;1024;764;2963;67267;2479;-98;2577;633;582;1866;343;107301;10451;7578;1052;29170;23305;26815;26516
2020;Temn_nyla;Temn_nyla;public;NA;oui;NA;NA;Montreux;20;560155;142641;459;lisiere;NA;NA;NA;NA;Sebastian Salata;Temn;Temn_nyla;2019;oui;Temn_nyla;NA;NA;NA;NA;NA;NA;NA;NA;NA;NA;NA;NA;NA;NA;NA;NA;NA;NA;NA;NA;NA;NA;NA;NA;NA;NA;NA;NA;NA;NA;NA;NA;NA;NA;NA;NA;NA
5560;Temn_nyla;Temn_nyla;public;NA;oui;NA;NA;Ecublens (VD);1;533921;152800;400;ForetFeuillus;NA;NA;NA;NA;Sebastian Salata;Temn;Temn_nyla;2019;oui;Temn_nyla;NA;NA;NA;NA;NA;NA;NA;NA;NA;NA;NA;NA;NA;NA;NA;NA;NA;NA;NA;NA;NA;NA;NA;NA;NA;NA;NA;NA;NA;NA;NA;NA;NA;NA;NA;NA;NA
10318;Temn_nyla;Temn_nyla;public;NA;non;NA;NA;Gingins;8;501891;141374;654;ForetMixe;NA;NA;NA;NA;Sebastian Salata;Temn;Temn_nyla;2019;oui;Temn_nyla;NA;NA;NA;NA;NA;NA;NA;NA;NA;NA;NA;NA;NA;NA;NA;NA;NA;NA;NA;NA;NA;NA;NA;NA;NA;NA;NA;NA;NA;NA;NA;NA;NA;NA;NA;NA;NA
5553;Temn_nyla;Temn_nyla;public;NA;oui;NA;NA;Ferreyres;1;525916;168864;639;ForetFeuillus;NA;NA;NA;NA;Sebastian Salata;Temn;Temn_nyla;2019;oui;Temn_nyla;NA;NA;NA;NA;NA;NA;NA;NA;NA;NA;NA;NA;NA;NA;NA;NA;NA;NA;NA;NA;NA;NA;NA;NA;NA;NA;NA;NA;NA;NA;NA;NA;NA;NA;NA;NA;NA
5573;Temn_nyla;Temn_nyla;public;NA;oui;NA;NA;Ecublens (VD);15;533921;152800;400;ForetFeuillus;NA;NA;NA;NA;Sebastian Salata;Temn;Temn_nyla;2019;oui;Temn_nyla;NA;NA;NA;NA;NA;NA;NA;NA;NA;NA;NA;NA;NA;NA;NA;NA;NA;NA;NA;NA;NA;NA;NA;NA;NA;NA;NA;NA;NA;NA;NA;NA;NA;NA;NA;NA;NA
9992151;Temn_nyla;Temn_nyla;scientific;soil;NA;551158;110601;NA;2;551113.388;158018.1778;663.2;ForetMixe;NA;NA;NA;NA;Salata;Temnothorax;Temn_nyla;2019;NA;NA;NA;NA;NA;NA;NA;NA;NA;NA;NA;NA;NA;NA;0;2;3;2;3;1;959;801;3088;66919;2412;-183;2595;1611;515;1792;280;122969;12128;7725;1376;34197;25807;33914;27430
9990894;Temn_nyla;Temn_nyla;scientific;tree;NA;563190;160116;NA;5;562975.1458;190844.1321;440.3;Autre;NA;NA;NA;NA;Salata;Temnothorax;Temn_nyla;2019;NA;NA;NA;NA;NA;NA;NA;NA;NA;NA;NA;NA;NA;NA;4;3;1;3;2;1;988;867;3178;69295;2530;-198;2728;1850;558;1850;275;96113;9669;5504;1747;28012;19606;28012;20319
3197;Temn_nyla;Temn_nyla;public;NA;oui;NA;NA;Yverdon-les-Bains;11;539690;180308;438;ZoneConstruite;NA;NA;NA;NA;Sebastian Salata;Temn;Temn_nyla;2019;oui;Temn_nyla;NA;NA;NA;NA;NA;NA;NA;NA;NA;NA;NA;NA;NA;NA;NA;NA;NA;NA;NA;NA;NA;NA;NA;NA;NA;NA;NA;NA;NA;NA;NA;NA;NA;NA;NA;NA;NA
9991382;Temn_nyla;Temn_nyla;scientific;soil;NA;503142;380509;NA;5;503923.0722;142238.7158;609.3;ForetFeuillus;NA;NA;NA;NA;Salata;Temnothorax;Temn_nyla;2019;NA;NA;NA;NA;NA;NA;NA;NA;NA;NA;NA;NA;NA;NA;0;3;0;4;5;0;874;796;3110;65660;2322;-237;2559;502;428;1696;214;117589;12191;7962;1328;34762;26126;26467;32140
12172;Temn_nyla;Temn_nyla;public;NA;non;NA;NA;Essertines-sur-Yverdon;1;539844;172888;671;ForetFeuillus;NA;NA;NA;NA;Sebastian Salata;Temn;Temn_nyla;2019;oui;Temn_nyla;NA;NA;NA;NA;NA;NA;NA;NA;NA;NA;NA;NA;NA;NA;NA;NA;NA;NA;NA;NA;NA;NA;NA;NA;NA;NA;NA;NA;NA;NA;NA;NA;NA;NA;NA;NA;NA
12344;Temn_nyla;Temn_nyla;public;NA;oui;NA;NA;Dizy;11;527589;165606;591;transport;NA;NA;NA;NA;Sebastian Salata;Temn;Temn_nyla;2019;oui;Temn_nyla;NA;NA;NA;NA;NA;NA;NA;NA;NA;NA;NA;NA;NA;NA;NA;NA;NA;NA;NA;NA;NA;NA;NA;NA;NA;NA;NA;NA;NA;NA;NA;NA;NA;NA;NA;NA;NA
16481B;Temn_nyla;Temn_nyla;public;NA;non;NA;NA;Bière;5;514524;155770;777;lisiere;NA;NA;NA;NA;Sebastian Salata;Temn;Temn_nyla;2020;oui;Temn_nyla;NA;NA;NA;NA;NA;NA;NA;NA;NA;NA;NA;NA;NA;NA;NA;NA;NA;NA;NA;NA;NA;NA;NA;NA;NA;NA;NA;NA;NA;NA;NA;NA;NA;NA;NA;NA;NA
9990583;Temn_nyla;Temn_nyla;scientific;soil;NA;515158;310503;NA;6;515883.1099;157905.3641;829.4;ForetFeuillus;NA;NA;NA;NA;Salata;Temnothorax;Temn_nyla;2019;NA;NA;NA;NA;NA;NA;NA;NA;NA;NA;NA;NA;NA;NA;0.1;1;1;2;4;2;681;728;3040;62229;2015;-378;2393;362;1422;1462;48;162144;17508;11266;1292;46846;35786;36500;43826
6206B;Temn_nyla;Temn_nyla;public;NA;oui;NA;NA;Cossonay;1;527344;163319;593;ForetConifere;NA;NA;NA;NA;Sebastian Salata;Temn;Temn_nyla;2019;oui;Temn_nyla;NA;NA;NA;NA;NA;NA;NA;NA;NA;NA;NA;NA;NA;NA;NA;NA;NA;NA;NA;NA;NA;NA;NA;NA;NA;NA;NA;NA;NA;NA;NA;NA;NA;NA;NA;NA;NA
17154;Temn_nyla;Temn_nyla;public;NA;NA;NA;NA;Essertines-sur-Rolle;1;514210;147849;701;PrairieSeche;1;NA;NA;NA;Sebastian Salata;Temn;Temn_nyla;2019;oui;Temn_nyla;NA;NA;NA;NA;NA;NA;NA;NA;NA;NA;NA;NA;NA;NA;NA;NA;NA;NA;NA;NA;NA;NA;NA;NA;NA;NA;NA;NA;NA;NA;NA;NA;NA;NA;NA;NA;NA
17077;Temn_nyla;Temn_nyla;public;NA;NA;NA;NA;Saubraz;NA;514016;152525;724;lisiere;NA;NA;NA;NA;Sebastian Salata;Temn;Temn_nyla;2019;oui;Temn_nyla;NA;NA;NA;NA;NA;NA;NA;NA;NA;NA;NA;NA;NA;NA;NA;NA;NA;NA;NA;NA;NA;NA;NA;NA;NA;NA;NA;NA;NA;NA;NA;NA;NA;NA;NA;NA;NA
9990966;Temn_nyla;Temn_nyla;scientific;soil;NA;527174;240501;NA;10;527258.8129;174045.7253;636.6;ForetFeuillus;NA;NA;NA;NA;Salata;Temnothorax;Temn_nyla;2019;NA;NA;NA;NA;NA;NA;NA;NA;NA;NA;NA;NA;NA;NA;0;0.1;2;3;4;2;894;779;3045;66041;2318;-240;2558;1539;457;1714;223;104292;9698;7333;1009;27828;22237;27128;25437
9993093;Temn_nyla;Temn_nyla;scientific;soil;NA;563126;20501;NA;9;563162.0289;126126.8311;388.7;ForetFeuillus;NA;NA;NA;NA;Salata;Temnothorax;Temn_nyla;2019;NA;NA;NA;NA;NA;NA;NA;NA;NA;NA;NA;NA;NA;NA;1;2;3;2;1;0;1017;874;3256;66723;2480;-203;2683;1845;598;1845;335;104497;11425;6403;1972;33697;21151;33697;22079
9992333;Temn_nyla;Temn_nyla;scientific;soil;NA;503142;380509;NA;2;503936.8386;142233.4809;604.3;ForetFeuillus;NA;NA;NA;NA;Salata;Temnothorax;Temn_nyla;2019;NA;NA;NA;NA;NA;NA;NA;NA;NA;NA;NA;NA;NA;NA;0;3;0;4;5;0;875;795;3107;65679;2323;-236;2559;503;428;1697;214;117515;12183;7956;1329;34741;26108;26450;32119
9991640;Temn_nyla;Temn_nyla;scientific;soil;NA;521174;290604;NA;9;521909.9732;174733.0541;661.9;ForetMixe;NA;NA;NA;NA;Salata;Temnothorax;Temn_nyla;2019;NA;NA;NA;NA;NA;NA;NA;NA;NA;NA;NA;NA;NA;NA;0;0.1;2;3;4;3;772;805;3104;65683;2179;-414;2593;412;1532;1586;112;148641;15019;10660;1003;41525;33390;34302;39945
9991755;Temn_nyla;Temn_nyla;scientific;soil;NA;503142;380501;NA;8;503398.4949;142436.3747;633.2;ForetFeuillus;NA;NA;NA;NA;Salata;Temnothorax;Temn_nyla;2019;NA;NA;NA;NA;NA;NA;NA;NA;NA;NA;NA;NA;NA;NA;0.1;0.1;3;3;3;2;832;784;3101;65026;2259;-270;2529;469;383;1647;180;122885;12785;8369;1327;36342;27437;27544;33703
9991692;Temn_nyla;Temn_nyla;scientific;soil;NA;569198;170501;NA;NA;569603.7781;197992.5587;503.9;ForetFeuillus;NA;NA;NA;NA;Salata;Temnothorax;Temn_nyla;2019;NA;NA;NA;NA;NA;NA;NA;NA;NA;NA;NA;NA;NA;NA;2;2;4;3;3;0.1;1000;796;3004;68947;2492;-158;2650;1858;568;1858;292;101822;10576;5953;1680;29757;20935;29757;21966
9992695;Temn_nyla;Temn_nyla;scientific;soil;NA;503142;380404;NA;15;503816.479;142121.0457;600.2;ForetConifere;NA;NA;NA;NA;Salata;Temnothorax;Temn_nyla;2019;NA;NA;NA;NA;NA;NA;NA;NA;NA;NA;NA;NA;NA;NA;0;4;0;3;3;5;876;796;3107;65680;2324;-236;2560;504;430;1698;215;118127;12263;7997;1333;34942;26270;26552;32327
9991845;Temn_nyla;Temn_nyla;scientific;soil;NA;545182;180501;NA;7;545116.8779;181968.0851;491.1;ForetFeuillus;NA;NA;NA;NA;TS;Temnothorax;Temn_nyla;2019;NA;NA;NA;NA;NA;NA;NA;NA;NA;NA;NA;NA;NA;NA;1;1;5;2;3;1;974;837;3129;68214;2477;-197;2674;1757;546;1822;274;94836;9198;5575;1650;27149;18727;27009;20677
12198;Temn_nyla;Temn_nyla;public;NA;non;NA;NA;Champagne;10;540269;188105;599;ForetFeuillus;NA;NA;NA;NA;Sebastian Salata;Temn;Temn_nyla;2019;oui;Temn_nyla;NA;NA;NA;NA;NA;NA;NA;NA;NA;NA;NA;NA;NA;NA;NA;NA;NA;NA;NA;NA;NA;NA;NA;NA;NA;NA;NA;NA;NA;NA;NA;NA;NA;NA;NA;NA;NA
9992149;Temn_nyla;Temn_nyla;scientific;soil;NA;569198;170501;NA;NA;569599.1031;197990.0981;495.6;ForetFeuillus;NA;NA;NA;NA;Salata;Temnothorax;Temn_nyla;2019;NA;NA;NA;NA;NA;NA;NA;NA;NA;NA;NA;NA;NA;NA;2;2;4;3;3;0.1;1000;796;3004;68947;2492;-158;2650;1858;568;1858;292;101822;10576;5953;1680;29757;20935;29757;21966
9990810;Temn_nyla;Temn_nyla;scientific;soil;NA;503142;380402;NA;7;502948.2488;142515.5793;673.7;ForetConifere;NA;1;NA;NA;Salata;Temnothorax;Temn_nyla;2019;NA;NA;NA;NA;NA;NA;NA;NA;NA;NA;NA;NA;NA;NA;1;2;1;1;5;2;802;773;3091;64498;2212;-290;2502;446;1611;1611;156;129737;13498;8925;1310;38297;29012;29012;33687
9991478;Temn_nyla;Temn_nyla;scientific;soil;NA;521174;290402;NA;9;521720.001;174629.2398;629.4;ForetConifere;NA;NA;NA;NA;Salata;Temnothorax;Temn_nyla;2019;NA;NA;NA;NA;NA;NA;NA;NA;NA;NA;NA;NA;NA;NA;0;2;3;1;4;3;767;807;3106;65697;2173;-424;2597;407;1527;1580;106;149815;15188;10731;1016;41905;33549;34522;38899
12668C;Temn_nyla;Temn_nyla;public;NA;non;NA;NA;Roche (VD);1;561191;134585;427;transport;NA;NA;NA;NA;Sebastian Salata;Temn;Temn_nyla;2019;oui;Temn_nyla;NA;NA;NA;NA;NA;NA;NA;NA;NA;NA;NA;NA;NA;NA;NA;NA;NA;NA;NA;NA;NA;NA;NA;NA;NA;NA;NA;NA;NA;NA;NA;NA;NA;NA;NA;NA;NA
9993087;Temn_nyla;Temn_nyla;scientific;soil;NA;503142;380510;NA;6;503414.8534;142006.6129;599.5;ForetFeuillus;NA;NA;NA;NA;Salata;Temnothorax;Temn_nyla;2019;NA;NA;NA;NA;NA;NA;NA;NA;NA;NA;NA;NA;NA;NA;1;3;1;5;5;2;868;793;3104;65590;2313;-242;2555;498;422;1690;209;120448;12536;8166;1338;35657;26856;26994;33046
9991166;Temn_nyla;Temn_nyla;scientific;tree;NA;563190;160116;NA;6;562977.6061;190843.1455;440.3;Autre;NA;NA;NA;NA;Salata;Temnothorax;Temn_nyla;2019;NA;NA;NA;NA;NA;NA;NA;NA;NA;NA;NA;NA;NA;NA;4;3;1;3;2;1;988;867;3178;69295;2530;-198;2728;1850;558;1850;275;96113;9669;5504;1747;28012;19606;28012;20319
5675;Temn_nyla;Temn_nyla;public;NA;oui;NA;NA;Ecublens (VD);8;533921;152800;400;ForetFeuillus;NA;NA;NA;NA;Sebastian Salata;Temn;Temn_nyla;2019;oui;Temn_nyla;NA;NA;NA;NA;NA;NA;NA;NA;NA;NA;NA;NA;NA;NA;NA;NA;NA;NA;NA;NA;NA;NA;NA;NA;NA;NA;NA;NA;NA;NA;NA;NA;NA;NA;NA;NA;NA
9990286;Temn_nyla;Temn_nyla;scientific;soil;NA;539158;130404;NA;2;539211.711;158489.397;771.5;ForetConifere;NA;NA;NA;NA;Salata;Temnothorax;Temn_nyla;2019;NA;NA;NA;NA;NA;NA;NA;NA;NA;NA;NA;NA;NA;NA;0.1;0.1;0.1;1;4;4;960;728;2914;66062;2364;-133;2497;1602;511;1786;294;125136;12328;7283;1525;34660;25382;34098;27739
9990761;Temn_nyla;Temn_nyla;scientific;soil;NA;545182;180601;NA;5;545114.5946;182059.0527;493.7;ForetMixe;NA;NA;NA;NA;TS;Temnothorax;Temn_nyla;2019;NA;NA;NA;NA;NA;NA;NA;NA;NA;NA;NA;NA;NA;NA;0;0;2;3;3;0;975;837;3130;68208;2477;-196;2673;1758;546;1822;275;94780;9187;5571;1649;27123;18720;26985;20664
9991717;Temn_nyla;Temn_nyla;scientific;soil;NA;503142;380509;NA;9;503932.7565;142244.5845;604.3;ForetFeuillus;NA;NA;NA;NA;Salata;Temnothorax;Temn_nyla;2019;NA;NA;NA;NA;NA;NA;NA;NA;NA;NA;NA;NA;NA;NA;0;3;0;4;5;0;874;796;3110;65660;2322;-237;2559;502;428;1696;214;117589;12191;7962;1328;34762;26126;26467;32140
5643;Temn_nyla;Temn_nyla;public;NA;oui;NA;NA;Ferreyres;4;526316;168814;620;ForetMixe;NA;NA;NA;NA;Sebastian Salata;Temn;Temn_nyla;2019;oui;Temn_nyla;NA;NA;NA;NA;NA;NA;NA;NA;NA;NA;NA;NA;NA;NA;NA;NA;NA;NA;NA;NA;NA;NA;NA;NA;NA;NA;NA;NA;NA;NA;NA;NA;NA;NA;NA;NA;NA
13878;Temn_nyla;Temn_nyla;public;NA;non;NA;NA;Champagne;4;540258;188075;596;ForetFeuillus;NA;NA;NA;NA;Sebastian Salata;Temn;Temn_nyla;2019;oui;Temn_nyla;NA;NA;NA;NA;NA;NA;NA;NA;NA;NA;NA;NA;NA;NA;NA;NA;NA;NA;NA;NA;NA;NA;NA;NA;NA;NA;NA;NA;NA;NA;NA;NA;NA;NA;NA;NA;NA
5699;Temn_nyla;Temn_nyla;public;NA;oui;NA;NA;Ecublens (VD);6;533886;152630;402;ZoneConstruite;NA;NA;1;NA;Sebastian Salata;Temn;Temn_nyla;2019;oui;Temn_nyla;NA;NA;NA;NA;NA;NA;NA;NA;NA;NA;NA;NA;NA;NA;NA;NA;NA;NA;NA;NA;NA;NA;NA;NA;NA;NA;NA;NA;NA;NA;NA;NA;NA;NA;NA;NA;NA
5583;Temn_nyla gr;Temn_nyla;public;NA;oui;NA;NA;Ferreyres;NA;525916;168864;639;ForetFeuillus;1;NA;NA;NA;Sebastian Salata;Temn;Temn_nyla gr;2019;;;reine désailée;NA;NA;NA;NA;NA;NA;NA;NA;NA;NA;NA;NA;NA;NA;NA;NA;NA;NA;NA;NA;NA;NA;NA;NA;NA;NA;NA;NA;NA;NA;NA;NA;NA;NA;NA;NA
9990747;Temn_parv;Temn_lute_parv;scientific;soil;NA;503142;380510;NA;9;503412.3653;142005.495;599.5;ForetFeuillus;7;6;NA;NA;Salata;Temnothorax;Temn_parv;2019;NA;NA;NA;NA;NA;NA;NA;NA;NA;NA;NA;NA;NA;NA;1;3;1;5;5;2;873;794;3106;65647;2320;-238;2558;501;427;1695;212;120636;12556;8182;1337;35712;26903;27033;33099
2026;Temn_parv;Temn_nyla;public;NA;oui;NA;NA;Montreux;7;560386;142885;533;ForetFeuillus;NA;NA;NA;NA;Sebastian Salata;Temn;Temn_parv;2019;oui;Temn_parv;NA;NA;NA;NA;NA;NA;NA;NA;NA;NA;NA;NA;NA;NA;NA;NA;NA;NA;NA;NA;NA;NA;NA;NA;NA;NA;NA;NA;NA;NA;NA;NA;NA;NA;NA;NA;NA
5753B;Temn_parv;Temn_nyla;public;NA;oui;NA;NA;Ferreyres;5;526316;168814;620;ForetMixe;NA;NA;NA;NA;Sebastian Salata;Temn;Temn_parv;2019;oui;Temn_parv;NA;NA;NA;NA;NA;NA;NA;NA;NA;NA;NA;NA;NA;NA;NA;NA;NA;NA;NA;NA;NA;NA;NA;NA;NA;NA;NA;NA;NA;NA;NA;NA;NA;NA;NA;NA;NA
5522;Temn_parv;Temn_nyla;public;NA;oui;NA;NA;Ecublens (VD);3;533886;152630;402;ZoneConstruite;NA;NA;3;NA;Sebastian Salata;Temn;Temn_parv;2019;oui;Temn_parv;NA;NA;NA;NA;NA;NA;NA;NA;NA;NA;NA;NA;NA;NA;NA;NA;NA;NA;NA;NA;NA;NA;NA;NA;NA;NA;NA;NA;NA;NA;NA;NA;NA;NA;NA;NA;NA
9991765;Temn_parv;Temn_nyla;scientific;soil;NA;527174;240605;NA;8;526999.592;174048.6002;629.6;ForetMixe;NA;NA;NA;NA;Salata;Temnothorax;Temn_parv;2019;NA;NA;NA;NA;NA;NA;NA;NA;NA;NA;NA;NA;NA;NA;0.1;1;2;2;5;2;892;779;3042;66078;2316;-244;2560;514;455;1713;221;104937;9754;7385;1003;27984;22394;27255;25615
5693;Temn_parv;Temn_nyla;public;NA;oui;NA;NA;Ecublens (VD);16;533886;152630;402;ZoneConstruite;NA;NA;NA;NA;Sebastian Salata;Temn;Temn_parv;2019;oui;Temn_parv;NA;NA;NA;NA;NA;NA;NA;NA;NA;NA;NA;NA;NA;NA;NA;NA;NA;NA;NA;NA;NA;NA;NA;NA;NA;NA;NA;NA;NA;NA;NA;NA;NA;NA;NA;NA;NA
5766;Temn_tube;Temn_tube;public;NA;oui;NA;NA;Ferreyres;10;526316;168814;620;ForetMixe;NA;NA;NA;NA;Sebastian Salata;Temn;Temn_tube;2019;oui;Temn_tube;NA;NA;NA;NA;NA;NA;NA;NA;NA;NA;NA;NA;NA;NA;NA;NA;NA;NA;NA;NA;NA;NA;NA;NA;NA;NA;NA;NA;NA;NA;NA;NA;NA;NA;NA;NA;NA
5752;Temn_unif;Temn_tube;public;NA;oui;NA;NA;Ollon;4;564501;127125;430;Carriere;NA;NA;NA;NA;Sebastian Salata;Temn;Temn_unif;2019;oui;Temn_unif;NA;NA;NA;NA;NA;NA;NA;NA;NA;NA;NA;NA;NA;NA;NA;NA;NA;NA;NA;NA;NA;NA;NA;NA;NA;NA;NA;NA;NA;NA;NA;NA;NA;NA;NA;NA;NA
2172;Temn_unif;Temn_unif;public;NA;oui;NA;NA;Lausanne;8;538472;153117;551;lisiere;NA;NA;NA;NA;Sebastian Salata;Temn;Temn_unif;2020;oui;Temn_unif;NA;NA;NA;NA;NA;NA;NA;NA;NA;NA;NA;NA;NA;NA;NA;NA;NA;NA;NA;NA;NA;NA;NA;NA;NA;NA;NA;NA;NA;NA;NA;NA;NA;NA;NA;NA;NA
12587;Temn_unif;Temn_unif;public;NA;non;NA;NA;Montreux;12;558379;144519;457;ZoneConstruite;NA;NA;NA;NA;Sebastian Salata;Temn;Temn_unif;2019;oui;Temn_unif;NA;NA;NA;NA;NA;NA;NA;NA;NA;NA;NA;NA;NA;NA;NA;NA;NA;NA;NA;NA;NA;NA;NA;NA;NA;NA;NA;NA;NA;NA;NA;NA;NA;NA;NA;NA;NA
3774;Temn_unif;Temn_unif;public;NA;oui;NA;NA;Lutry;7;541904;150991;437;ZoneConstruite;NA;NA;NA;NA;Sebastian Salata;Temn;Temn_unif;2019;oui;Temn_unif;NA;NA;NA;NA;NA;NA;NA;NA;NA;NA;NA;NA;NA;NA;NA;NA;NA;NA;NA;NA;NA;NA;NA;NA;NA;NA;NA;NA;NA;NA;NA;NA;NA;NA;NA;NA;NA
20197;Temn_unif;Temn_unif;public;NA;oui;NA;NA;Lonay;15;529513;153004;397;ZoneConstruite;NA;NA;NA;NA;Sebastian Salata;Temn;Temn_unif;2020;oui;Temn_unif;NA;NA;NA;NA;NA;NA;NA;NA;NA;NA;NA;NA;NA;NA;NA;NA;NA;NA;NA;NA;NA;NA;NA;NA;NA;NA;NA;NA;NA;NA;NA;NA;NA;NA;NA;NA;NA
13038;Temn_unif;Temn_unif;public;NA;oui;NA;NA;Lonay;14;529528;152967;395;lisiere;NA;NA;NA;NA;Sebastian Salata;Temn;Temn_unif;2019;oui;Temn_unif;NA;NA;NA;NA;NA;NA;NA;NA;NA;NA;NA;NA;NA;NA;NA;NA;NA;NA;NA;NA;NA;NA;NA;NA;NA;NA;NA;NA;NA;NA;NA;NA;NA;NA;NA;NA;NA
8397;Temn_unif;Temn_unif;public;NA;non;NA;NA;Tolochenaz;8;526631;150266;384;ZoneConstruite;NA;NA;NA;NA;Sebastian Salata;Temn;Temn_unif;2020;oui;Temn_unif;NA;NA;NA;NA;NA;NA;NA;NA;NA;NA;NA;NA;NA;NA;NA;NA;NA;NA;NA;NA;NA;NA;NA;NA;NA;NA;NA;NA;NA;NA;NA;NA;NA;NA;NA;NA;NA
17457;Temn_unif;Temn_unif;public;NA;oui;NA;NA;Ollon;12;564497;127114;430;Carriere;NA;NA;NA;NA;Sebastian Salata;Temn;Temn_unif;2019;oui;Temn_unif; zone échantillonnée par différents étudiants du cours bioindication;NA;NA;NA;NA;NA;NA;NA;NA;NA;NA;NA;NA;NA;NA;NA;NA;NA;NA;NA;NA;NA;NA;NA;NA;NA;NA;NA;NA;NA;NA;NA;NA;NA;NA;NA;NA
14380;Temn_unif;Temn_unif;public;NA;oui;NA;NA;Yvorne;10;562356;131865;480;CulturePerm;NA;NA;NA;NA;Sebastian Salata;Temn;Temn_unif;2019;oui;Temn_unif;NA;NA;NA;NA;NA;NA;NA;NA;NA;NA;NA;NA;NA;NA;NA;NA;NA;NA;NA;NA;NA;NA;NA;NA;NA;NA;NA;NA;NA;NA;NA;NA;NA;NA;NA;NA;NA
18942;Temn_unif;Temn_unif;public;NA;oui;NA;NA;Onnens (VD);NA;542490;188379;476;Autre;NA;NA;NA;NA;Claude Lebas;Temn;Temn_unif;2019;oui;Temn_unif;NA;NA;NA;NA;NA;NA;NA;NA;NA;NA;NA;NA;NA;NA;NA;NA;NA;NA;NA;NA;NA;NA;NA;NA;NA;NA;NA;NA;NA;NA;NA;NA;NA;NA;NA;NA;NA
5978;Temn_unif;Temn_unif;public;NA;oui;NA;NA;Ollon;4;564501;127125;430;Carriere;NA;NA;NA;NA;Sebastian Salata;Temn;Temn_unif;2019;oui;Temn_unif;NA;NA;NA;NA;NA;NA;NA;NA;NA;NA;NA;NA;NA;NA;NA;NA;NA;NA;NA;NA;NA;NA;NA;NA;NA;NA;NA;NA;NA;NA;NA;NA;NA;NA;NA;NA;NA
12412;Temn_unif;Temn_unif;public;NA;non;NA;NA;Champagne;6;540345;187793;535;lisiere;NA;NA;NA;NA;Sebastian Salata;Temn;Temn_unif;2019;oui;Temn_unif;NA;NA;NA;NA;NA;NA;NA;NA;NA;NA;NA;NA;NA;NA;NA;NA;NA;NA;NA;NA;NA;NA;NA;NA;NA;NA;NA;NA;NA;NA;NA;NA;NA;NA;NA;NA;NA
12992;Temn_unif;Temn_unif;public;NA;non;NA;NA;Roche (VD);1;561191;134585;427;transport;NA;NA;NA;NA;Sebastian Salata;Temn;Temn_unif;2019;oui;Temn_unif;NA;NA;NA;NA;NA;NA;NA;NA;NA;NA;NA;NA;NA;NA;NA;NA;NA;NA;NA;NA;NA;NA;NA;NA;NA;NA;NA;NA;NA;NA;NA;NA;NA;NA;NA;NA;NA
12582;Temn_unif;Temn_unif;public;NA;non;NA;NA;Roche (VD);1;561191;134585;427;transport;NA;NA;NA;NA;Sebastian Salata;Temn;Temn_unif;2019;oui;Temn_unif;NA;NA;NA;NA;NA;NA;NA;NA;NA;NA;NA;NA;NA;NA;NA;NA;NA;NA;NA;NA;NA;NA;NA;NA;NA;NA;NA;NA;NA;NA;NA;NA;NA;NA;NA;NA;NA
5787;Temn_unif;Temn_unif;public;NA;oui;NA;NA;Ferreyres;6;526316;168814;620;ForetMixe;NA;NA;NA;NA;Sebastian Salata;Temn;Temn_unif;2019;oui;Temn_unif;NA;NA;NA;NA;NA;NA;NA;NA;NA;NA;NA;NA;NA;NA;NA;NA;NA;NA;NA;NA;NA;NA;NA;NA;NA;NA;NA;NA;NA;NA;NA;NA;NA;NA;NA;NA;NA
12873C;Temn_unif;Temn_unif;public;NA;non;NA;NA;Roche (VD);1;561191;134585;427;transport;NA;NA;NA;NA;Sebastian Salata;Temn;Temn_unif;2019;oui;Temn_unif;3 espèces dans le même échantillon => ne proviennent pas d'un seul nid…;NA;NA;NA;NA;NA;NA;NA;NA;NA;NA;NA;NA;NA;NA;NA;NA;NA;NA;NA;NA;NA;NA;NA;NA;NA;NA;NA;NA;NA;NA;NA;NA;NA;NA;NA;NA
1970;Temn_unif;Temn_unif;public;NA;oui;NA;NA;Lausanne;NA;538774;152646;542;ZoneConstruite;NA;NA;NA;NA;Sebastian Salata;Temn;Temn_unif;2020;oui;Temn_unif;NA;NA;NA;NA;NA;NA;NA;NA;NA;NA;NA;NA;NA;NA;NA;NA;NA;NA;NA;NA;NA;NA;NA;NA;NA;NA;NA;NA;NA;NA;NA;NA;NA;NA;NA;NA;NA
2276;Temn_unif;Temn_unif;public;NA;non;NA;NA;Lonay;3;529496;152997;398;ZoneConstruite;NA;NA;NA;NA;Sebastian Salata;Temn;Temn_unif;2019;oui;Temn_unif;NA;NA;NA;NA;NA;NA;NA;NA;NA;NA;NA;NA;NA;NA;NA;NA;NA;NA;NA;NA;NA;NA;NA;NA;NA;NA;NA;NA;NA;NA;NA;NA;NA;NA;NA;NA;NA
9375;Temn_unif;Temn_unif;public;NA;non;NA;NA;Lausanne;10;537110;152212;440;ZoneConstruite;NA;NA;NA;NA;Sebastian Salata;Temn;Temn_unif;2019;oui;Temn_unif;NA;NA;NA;NA;NA;NA;NA;NA;NA;NA;NA;NA;NA;NA;NA;NA;NA;NA;NA;NA;NA;NA;NA;NA;NA;NA;NA;NA;NA;NA;NA;NA;NA;NA;NA;NA;NA
5745;Temn_unif;Temn_unif;public;NA;oui;NA;NA;Ferreyres;6;526316;168814;620;ForetMixe;NA;NA;NA;NA;Sebastian Salata;Temn;Temn_unif;2019;oui;Temn_unif;NA;NA;NA;NA;NA;NA;NA;NA;NA;NA;NA;NA;NA;NA;NA;NA;NA;NA;NA;NA;NA;NA;NA;NA;NA;NA;NA;NA;NA;NA;NA;NA;NA;NA;NA;NA;NA
